Season,Rank,Player,Age,Team,Pos,G,GS,MP,PER,TS%,3PAr,FTr,ORB%,DRB%,TRB%,AST%,STL%,BLK%,TOV%,USG%,OWS,DWS,WS,WS/48,OBPM,DBPM,BPM,VORP,Honors,Contract Age,Contract_Year_Flag,CY Flag
2011,1.0,Kevin Durant,23.0,OKC,SF,66.0,66.0,2546.0,26.2,0.61,0.265,0.386,1.9,20.4,11.8,17.5,1.8,2.2,14.0,31.3,8.5,3.7,12.2,0.23,6.2,0.8,7.0,5.8,"MVP-2,AS,NBA1",1,0,0
2011,2.0,Pau Gasol,31.0,LAL,PF,65.0,65.0,2430.0,20.4,0.547,0.029,0.285,8.8,21.8,15.6,17.2,0.8,2.6,12.1,22.1,5.2,3.1,8.3,0.165,2.6,0.8,3.4,3.3,,1,0,0
2011,11.0,Kobe Bryant,33.0,LAL,SG,58.0,58.0,2232.0,21.9,0.527,0.215,0.338,3.5,11.8,7.8,23.7,1.6,0.6,11.7,35.7,4.2,2.0,6.2,0.132,4.2,-0.9,3.3,2.9,"MVP-4,AS,NBA1,DEF2",1,0,0
2011,18.0,Mike Conley,24.0,MEM,PG,62.0,61.0,2174.0,16.8,0.523,0.232,0.231,1.2,7.4,4.2,29.8,3.3,0.4,14.2,18.3,3.6,2.8,6.4,0.141,1.0,1.4,2.4,2.4,DPOY-14,1,0,0
2011,43.0,Jared Dudley,26.0,PHO,SG,65.0,60.0,2020.0,15.4,0.575,0.325,0.255,5.4,11.4,8.4,8.8,1.3,0.7,9.1,17.7,4.0,1.1,5.1,0.121,1.6,-0.4,1.2,1.7,,1,0,0
2011,57.0,Joakim Noah,26.0,CHI,C,64.0,64.0,1945.0,19.6,0.561,0.002,0.42,14.1,21.8,18.0,12.7,1.1,3.4,13.7,15.8,4.9,4.2,9.0,0.223,1.7,2.1,3.8,2.8,DPOY-11,1,0,0
2011,60.0,Tony Parker,29.0,SAS,PG,60.0,60.0,1923.0,22.0,0.539,0.069,0.319,1.3,8.7,5.1,40.3,1.5,0.2,13.1,27.7,5.5,1.6,7.1,0.177,3.6,-0.9,2.7,2.3,"MVP-5,AS,NBA2",1,0,0
2011,176.0,Nick Collison,31.0,OKC,PF,63.0,0.0,1307.0,12.1,0.622,0.005,0.308,11.1,12.7,12.0,9.3,1.3,1.6,21.1,10.0,2.3,1.2,3.5,0.13,-0.5,0.7,0.2,0.7,,1,0,0
2011,282.0,Zach Randolph,30.0,MEM,PF,28.0,8.0,735.0,17.9,0.5,0.028,0.309,12.1,23.9,17.9,11.2,1.5,0.4,11.0,22.4,1.0,1.1,2.1,0.135,1.0,-0.7,0.3,0.4,6MOY-11,1,0,0
2011,293.0,Nazr Mohammed,34.0,OKC,C,63.0,1.0,692.0,11.0,0.477,0.006,0.136,10.4,17.1,14.0,3.1,1.5,3.9,12.7,13.4,0.3,1.0,1.3,0.09,-3.0,0.7,-2.4,-0.1,,1,1,1
2011,363.0,Al Horford,25.0,ATL,C,11.0,11.0,348.0,19.0,0.585,0.01,0.291,8.8,17.1,13.0,11.7,1.5,3.1,12.1,17.9,0.8,0.6,1.3,0.18,1.8,1.5,3.4,0.5,,1,0,0
2012,2.0,Kevin Durant,24.0,OKC,SF,81.0,81.0,3119.0,28.3,0.647,0.233,0.523,1.8,20.3,11.8,21.7,1.9,2.6,13.7,29.8,13.6,5.3,18.9,0.291,7.6,1.7,9.3,8.9,"MVP-2,AS,NBA1",2,0,0
2012,5.0,Kobe Bryant,34.0,LAL,SG,78.0,78.0,3013.0,23.0,0.57,0.255,0.392,2.5,13.1,7.9,29.7,1.8,0.6,13.3,31.9,8.4,2.6,10.9,0.174,4.7,-0.1,4.6,5.0,"MVP-5,AS,NBA1",2,0,0
2012,17.0,Russell Westbrook,24.0,OKC,PG,82.0,82.0,2861.0,23.9,0.532,0.195,0.375,4.8,11.8,8.6,38.4,2.6,0.6,13.2,32.8,7.7,3.9,11.6,0.195,4.6,-0.2,4.4,4.6,"MVP-9,DPOY-17,AS,NBA2",1,0,0
2012,25.0,Mike Conley,25.0,MEM,PG,80.0,80.0,2757.0,18.3,0.549,0.312,0.3,1.8,7.9,4.8,29.5,3.4,0.7,15.1,21.0,5.1,4.7,9.9,0.172,2.3,2.3,4.6,4.6,"DPOY-21,DEF2",2,0,0
2012,26.0,Al Horford,26.0,ATL,C,74.0,74.0,2756.0,19.8,0.56,0.006,0.196,8.2,23.0,15.7,15.3,1.5,2.2,11.3,21.8,4.7,4.1,8.8,0.153,1.3,0.6,1.9,2.7,,2,0,0
2012,39.0,Zach Randolph,31.0,MEM,PF,76.0,75.0,2607.0,17.9,0.506,0.022,0.293,13.8,25.1,19.3,7.3,1.3,1.0,11.5,23.1,3.2,4.7,7.9,0.145,1.0,-0.7,0.2,1.5,AS,2,0,0
2012,52.0,Carmelo Anthony,28.0,NYK,PF,67.0,67.0,2482.0,24.8,0.56,0.278,0.344,6.1,15.9,10.8,14.1,1.1,1.1,9.3,35.6,7.5,2.0,9.5,0.184,6.0,-1.7,4.3,3.9,"MVP-3,AS,NBA2",1,0,0
2012,57.0,Joakim Noah,27.0,CHI,C,66.0,64.0,2426.0,18.1,0.534,0.008,0.376,12.2,22.6,17.3,17.6,1.7,4.4,19.3,17.2,2.7,4.7,7.3,0.145,0.6,2.7,3.4,3.3,"MVP-12,DPOY-4,AS,DEF1",2,0,0
2012,69.0,Danilo Gallinari,24.0,DEN,SF,71.0,71.0,2309.0,16.7,0.561,0.416,0.4,3.2,14.4,8.9,11.2,1.4,1.2,9.8,21.3,5.2,2.0,7.2,0.151,2.9,-0.1,2.8,2.8,,1,0,0
2012,90.0,Tony Parker,30.0,SAS,PG,66.0,66.0,2174.0,23.0,0.588,0.068,0.332,1.0,9.1,5.3,40.4,1.3,0.2,13.0,27.7,7.1,2.3,9.3,0.206,4.1,-0.5,3.6,3.1,"MVP-6,AS,NBA2",2,0,0
2012,92.0,Jared Dudley,27.0,PHO,SF,79.0,50.0,2170.0,14.9,0.582,0.405,0.242,4.1,8.9,6.4,14.9,1.8,0.3,12.0,17.2,3.9,0.9,4.8,0.106,1.0,-0.4,0.6,1.5,,2,0,0
2012,145.0,Kosta Koufos,23.0,DEN,C,81.0,81.0,1817.0,17.2,0.585,0.002,0.205,13.3,21.2,17.3,2.6,1.2,4.4,8.7,14.5,3.9,2.5,6.5,0.171,0.2,0.4,0.6,1.2,,1,0,0
2012,170.0,Pau Gasol,32.0,LAL,PF,49.0,42.0,1655.0,16.7,0.512,0.048,0.307,7.6,20.1,14.0,19.9,0.7,2.7,13.7,20.5,2.0,1.7,3.7,0.107,1.1,0.9,2.0,1.7,,2,0,0
2012,179.0,Nick Collison,32.0,OKC,C,81.0,2.0,1583.0,13.6,0.624,0.014,0.264,9.6,14.2,12.1,11.3,1.7,1.4,17.3,11.5,3.2,2.1,5.2,0.158,-0.2,1.1,0.9,1.2,,2,0,0
2012,327.0,Kevin Love,24.0,MIN,PF,18.0,18.0,618.0,17.9,0.458,0.309,0.477,11.5,35.9,23.3,11.8,1.1,1.1,9.8,28.9,0.1,0.9,1.1,0.084,1.4,-1.0,0.4,0.4,,1,0,0
2013,1.0,Kevin Durant,25.0,OKC,SF,81.0,81.0,3122.0,29.8,0.635,0.291,0.477,2.2,18.6,10.8,26.7,1.7,1.5,12.2,33.0,14.8,4.4,19.2,0.295,8.8,1.4,10.2,9.6,"MVP-1,AS,NBA1",3,0,0
2013,3.0,DeMar DeRozan,24.0,TOR,SG,79.0,79.0,3017.0,18.4,0.532,0.149,0.448,2.0,11.3,6.6,18.9,1.5,0.7,9.5,28.0,5.8,3.0,8.8,0.141,1.9,-0.3,1.7,2.8,AS,1,0,0
2013,4.0,Carmelo Anthony,29.0,NYK,PF,77.0,77.0,2982.0,24.4,0.561,0.253,0.329,5.6,19.4,12.3,15.8,1.7,1.5,9.5,32.4,8.1,2.5,10.7,0.172,5.8,-0.8,5.0,5.3,"MVP-15,AS",2,0,0
2013,12.0,Blake Griffin,24.0,LAC,PF,80.0,80.0,2863.0,23.9,0.583,0.032,0.496,7.7,21.2,14.7,19.2,1.6,1.4,11.9,29.0,8.1,4.1,12.2,0.205,3.8,0.7,4.5,4.7,"MVP-3,AS,NBA2",1,0,0
2013,14.0,Stephen Curry,25.0,GSW,PG,78.0,78.0,2846.0,24.1,0.61,0.445,0.252,1.8,10.9,6.4,39.9,2.2,0.4,16.1,28.3,9.3,4.0,13.4,0.225,6.3,1.1,7.4,6.7,"MVP-6,AS,NBA2",1,0,0
2013,15.0,Joakim Noah,28.0,CHI,C,80.0,80.0,2820.0,20.0,0.531,0.003,0.419,11.6,24.5,18.2,26.4,1.9,3.3,17.0,18.7,4.5,6.6,11.2,0.19,1.7,3.6,5.3,5.2,"MVP-4,DPOY-1,AS,NBA1,DEF1",3,0,0
2013,18.0,Kevin Love,25.0,MIN,PF,77.0,77.0,2797.0,26.9,0.591,0.355,0.445,8.5,29.5,18.7,21.4,1.0,1.0,10.3,28.8,10.6,3.7,14.3,0.245,8.3,0.6,8.9,7.7,"MVP-11,AS,NBA2",2,0,0
2013,21.0,James Harden,24.0,HOU,SG,73.0,73.0,2777.0,23.5,0.618,0.401,0.552,2.6,10.7,6.9,27.3,2.1,0.8,15.0,27.8,10.1,2.7,12.8,0.221,5.4,0.2,5.6,5.3,"MVP-5,AS,NBA1",1,0,0
2013,27.0,Zach Randolph,32.0,MEM,PF,79.0,79.0,2705.0,18.3,0.51,0.017,0.281,11.6,23.3,17.4,12.7,1.1,0.7,12.0,26.1,2.9,3.5,6.4,0.113,0.8,-0.9,-0.1,1.3,,3,0,0
2013,30.0,Serge Ibaka,24.0,OKC,PF,81.0,81.0,2666.0,19.6,0.576,0.061,0.203,10.0,19.6,15.0,5.2,0.7,6.7,10.3,19.8,5.2,4.4,9.6,0.173,1.1,0.6,1.7,2.5,"DPOY-4,DEF1",1,0,0
2013,62.0,Mike Conley,26.0,MEM,PG,73.0,73.0,2446.0,20.0,0.545,0.283,0.268,2.0,8.4,5.2,30.1,2.4,0.4,11.5,24.6,5.5,2.7,8.2,0.161,3.4,0.3,3.8,3.6,MVP-17,3,0,0
2013,70.0,Dwight Howard,28.0,HOU,C,71.0,71.0,2396.0,21.3,0.6,0.009,0.798,11.4,27.9,20.1,9.3,1.2,4.0,17.5,24.0,4.0,4.1,8.0,0.161,0.9,0.8,1.8,2.3,"DPOY-8,AS,NBA2",1,0,0
2013,73.0,Taj Gibson,28.0,CHI,PF,82.0,8.0,2351.0,16.0,0.524,0.008,0.314,9.8,17.1,13.5,7.3,0.9,3.7,12.8,23.0,1.4,4.4,5.7,0.117,-1.3,0.4,-1.0,0.6,6MOY-2,1,0,0
2013,87.0,Ty Lawson,26.0,DEN,PG,62.0,61.0,2222.0,19.0,0.554,0.251,0.504,1.9,8.5,5.2,38.2,2.2,0.3,16.9,22.7,4.8,1.5,6.3,0.136,2.9,-0.5,2.3,2.5,,1,0,0
2013,100.0,Chris Paul,28.0,LAC,PG,62.0,62.0,2171.0,25.9,0.58,0.244,0.397,2.0,11.4,6.9,48.9,3.5,0.1,12.4,23.7,9.0,3.2,12.2,0.27,6.0,2.6,8.6,5.8,"MVP-7,DPOY-13,AS,NBA1,DEF1",1,0,0
2013,124.0,Tony Parker,31.0,SAS,PG,68.0,68.0,1997.0,18.9,0.555,0.073,0.266,1.0,7.5,4.4,31.7,0.9,0.3,12.9,26.5,3.9,1.9,5.9,0.141,2.0,-1.2,0.9,1.5,"MVP-12,AS,NBA2",3,0,0
2013,140.0,Pau Gasol,33.0,LAL,C,60.0,60.0,1884.0,19.3,0.522,0.016,0.287,7.0,25.9,16.4,18.7,0.7,3.5,12.4,26.4,1.3,1.7,3.0,0.076,1.0,0.2,1.2,1.5,,3,1,1
2013,164.0,Jared Dudley,28.0,LAC,SF,74.0,43.0,1729.0,8.9,0.541,0.503,0.13,2.4,7.7,5.1,8.6,1.2,0.4,10.6,13.5,1.2,1.2,2.4,0.068,-1.4,-0.1,-1.5,0.2,,3,0,0
2013,206.0,Russell Westbrook,25.0,OKC,PG,46.0,46.0,1412.0,24.7,0.545,0.271,0.37,4.6,15.9,10.5,40.2,3.1,0.4,16.1,34.4,3.0,2.3,5.2,0.178,4.8,0.7,5.5,2.7,,2,0,0
2013,212.0,Nick Collison,33.0,OKC,PF,81.0,0.0,1353.0,11.8,0.599,0.071,0.386,10.2,14.1,12.2,10.9,1.1,1.7,20.1,11.6,2.0,1.6,3.6,0.128,-1.3,0.5,-0.9,0.4,,3,0,0
2013,213.0,Kosta Koufos,24.0,MEM,C,80.0,22.0,1349.0,16.5,0.514,0.0,0.203,14.0,22.7,18.4,4.7,1.3,4.4,11.8,19.4,1.3,2.2,3.5,0.124,-1.5,0.1,-1.5,0.2,,2,0,0
2013,240.0,Jrue Holiday,23.0,NOP,PG,34.0,34.0,1143.0,17.1,0.505,0.17,0.139,2.8,11.8,7.2,38.9,2.6,0.9,17.9,23.3,0.8,0.7,1.5,0.064,1.2,-0.9,0.4,0.7,,1,0,0
2013,270.0,Al Horford,27.0,ATL,C,29.0,29.0,958.0,22.0,0.588,0.026,0.202,8.0,21.4,14.8,15.2,1.4,3.6,12.3,24.7,1.5,1.3,2.8,0.141,2.2,0.8,3.0,1.2,,3,0,0
2013,379.0,Derrick Rose,25.0,CHI,PG,10.0,10.0,311.0,9.7,0.446,0.287,0.195,3.3,8.3,5.9,26.2,0.9,0.2,16.0,31.5,-0.6,0.4,-0.2,-0.036,-1.2,-1.9,-3.1,-0.1,,2,0,0
2013,412.0,Kobe Bryant,35.0,LAL,SG,6.0,6.0,177.0,10.7,0.505,0.219,0.288,1.2,14.5,7.8,34.6,1.9,0.4,29.2,28.7,-0.5,0.1,-0.4,-0.097,-3.1,-2.1,-5.1,-0.1,AS,3,1,1
2014,1.0,James Harden,25.0,HOU,SG,81.0,81.0,2981.0,26.7,0.605,0.378,0.561,2.8,14.2,8.5,34.6,2.6,1.6,14.9,31.3,12.2,4.2,16.4,0.265,7.0,1.8,8.8,8.1,"MVP-2,AS,NBA1",2,0,0
2014,5.0,Chris Paul,29.0,LAC,PG,82.0,82.0,2857.0,26.0,0.596,0.298,0.274,2.1,12.5,7.4,47.4,2.8,0.4,12.7,23.7,12.9,3.2,16.1,0.27,6.4,1.6,8.0,7.2,"MVP-6,DPOY-15,AS,NBA2,DEF1",2,0,0
2014,6.0,John Wall,24.0,WAS,PG,79.0,79.0,2837.0,19.9,0.523,0.186,0.31,1.5,12.8,7.3,46.3,2.5,1.3,18.7,26.1,3.6,4.2,7.8,0.132,2.6,1.0,3.6,4.0,"AS,DEF2",1,0,0
2014,8.0,Eric Bledsoe,25.0,PHO,PG,81.0,81.0,2800.0,18.4,0.555,0.26,0.422,2.8,13.9,8.3,27.9,2.3,1.2,18.1,23.7,4.1,2.9,7.0,0.119,1.6,0.5,2.1,2.9,,1,0,0
2014,16.0,Ty Lawson,27.0,DEN,PG,75.0,75.0,2665.0,18.5,0.526,0.221,0.392,1.6,8.1,4.7,43.0,1.7,0.3,14.6,20.6,6.0,1.0,7.0,0.126,3.0,-0.9,2.2,2.8,,2,0,0
2014,19.0,Stephen Curry,26.0,GSW,PG,80.0,80.0,2613.0,28.0,0.638,0.482,0.251,2.4,11.4,7.0,38.6,3.0,0.5,14.3,28.9,11.5,4.1,15.7,0.288,8.2,1.7,9.9,7.9,"MVP-1,AS,NBA1",2,0,0
2014,24.0,Kevin Love,26.0,CLE,PF,75.0,75.0,2532.0,18.8,0.562,0.412,0.337,6.5,26.3,16.6,10.7,1.0,1.2,10.0,21.7,5.8,2.9,8.7,0.165,3.2,-0.4,2.7,3.0,,3,0,0
2014,52.0,Blake Griffin,25.0,LAC,PF,67.0,67.0,2356.0,22.8,0.551,0.022,0.373,6.1,17.9,12.1,26.2,1.4,1.2,10.2,28.4,6.6,2.4,9.0,0.183,3.8,0.2,4.0,3.6,"MVP-8,AS,NBA3",2,0,0
2014,55.0,Al Horford,28.0,ATL,C,76.0,76.0,2318.0,21.4,0.563,0.037,0.146,6.7,19.8,13.4,18.6,1.5,3.5,8.9,22.2,5.1,3.6,8.7,0.179,2.6,1.5,4.1,3.6,AS,4,0,0
2014,59.0,Zach Randolph,33.0,MEM,PF,71.0,71.0,2304.0,19.5,0.538,0.021,0.32,11.2,25.8,18.5,11.4,1.6,0.5,12.8,24.3,3.4,3.8,7.2,0.149,1.4,-0.1,1.3,1.9,,4,1,1
2014,60.0,Russell Westbrook,26.0,OKC,PG,67.0,67.0,2302.0,29.1,0.536,0.196,0.445,5.9,16.7,11.4,47.0,3.0,0.5,14.3,38.4,7.5,3.2,10.6,0.222,6.9,1.2,8.1,5.8,"MVP-4,AS,NBA2",3,0,0
2014,65.0,Derrick Favors,23.0,UTA,PF,74.0,74.0,2280.0,21.8,0.558,0.007,0.362,10.0,20.7,15.4,9.4,1.4,4.3,10.2,23.8,5.0,3.3,8.3,0.175,1.9,0.6,2.5,2.6,,1,0,0
2014,73.0,Mike Conley,27.0,MEM,PG,70.0,70.0,2225.0,18.6,0.558,0.314,0.282,1.5,9.2,5.4,28.0,2.1,0.5,13.6,23.7,4.2,2.7,6.8,0.147,2.6,0.2,2.8,2.7,,4,0,0
2014,85.0,Serge Ibaka,25.0,OKC,PF,64.0,64.0,2116.0,16.6,0.549,0.261,0.14,7.0,18.1,12.6,4.2,0.7,5.8,10.4,18.9,2.9,2.7,5.6,0.127,0.5,0.4,0.9,1.6,,2,0,0
2014,89.0,DeMar DeRozan,25.0,TOR,SG,60.0,60.0,2100.0,17.4,0.51,0.089,0.438,2.3,12.9,7.6,17.0,1.8,0.4,10.4,28.4,2.6,1.4,4.0,0.09,0.5,-1.4,-0.9,0.6,,2,0,0
2014,96.0,Joakim Noah,29.0,CHI,C,67.0,67.0,2049.0,15.3,0.482,0.005,0.407,11.9,22.1,17.1,23.0,1.2,2.6,19.6,13.7,2.4,3.1,5.6,0.13,0.1,2.0,2.1,2.1,DPOY-12,4,0,0
2014,107.0,DeMarcus Cousins,24.0,SAC,C,59.0,59.0,2013.0,25.2,0.545,0.008,0.508,10.8,30.6,21.1,20.4,2.3,4.0,16.3,34.1,2.8,3.2,6.0,0.144,2.8,1.5,4.3,3.2,"AS,NBA2",1,0,0
2014,118.0,Tony Parker,32.0,SAS,PG,68.0,68.0,1953.0,15.9,0.539,0.107,0.2,0.9,6.5,3.7,28.7,1.2,0.1,13.9,24.5,2.4,1.7,4.1,0.1,0.1,-1.4,-1.3,0.3,,4,1,1
2014,139.0,Quincy Pondexter,26.0,2TM,SG,75.0,30.0,1793.0,9.9,0.55,0.546,0.215,3.4,9.0,6.2,7.7,0.6,1.0,9.4,13.8,2.1,0.8,2.9,0.078,-1.1,-1.0,-2.1,0.0,,1,0,0
2014,139.0,Quincy Pondexter,26.0,MEM,SG,30.0,2.0,540.0,7.1,0.452,0.541,0.222,4.2,7.8,6.0,7.5,0.5,0.8,6.3,13.4,0.2,0.4,0.6,0.051,-2.9,-1.0,-3.9,-0.3,,1,0,0
2014,139.0,Quincy Pondexter,26.0,NOP,SF,45.0,28.0,1253.0,11.1,0.592,0.548,0.212,3.0,9.5,6.3,7.8,0.6,1.2,10.7,13.9,1.9,0.4,2.3,0.089,-0.3,-0.9,-1.3,0.2,,1,0,0
2014,151.0,Jared Dudley,29.0,MIL,SG,72.0,22.0,1717.0,12.3,0.572,0.454,0.158,3.0,11.6,7.3,11.5,2.1,0.5,12.1,13.5,2.0,2.1,4.1,0.116,-0.5,1.0,0.6,1.1,,4,0,0
2014,156.0,Taj Gibson,29.0,CHI,PF,62.0,17.0,1692.0,16.1,0.545,0.0,0.364,10.7,14.6,12.7,6.9,1.1,3.2,11.6,17.6,2.7,2.1,4.8,0.137,-0.5,0.1,-0.4,0.7,6MOY-10,2,0,0
2014,174.0,Andrew Bogut,30.0,GSW,C,67.0,65.0,1583.0,15.8,0.565,0.0,0.118,9.9,26.5,18.5,15.4,1.2,5.3,22.1,13.2,1.9,3.4,5.2,0.159,-0.9,3.3,2.4,1.8,"DPOY-6,DEF2",1,0,0
2014,182.0,Derrick Rose,26.0,CHI,PG,51.0,51.0,1530.0,15.9,0.493,0.325,0.224,2.6,8.7,5.7,30.7,1.2,0.8,14.9,31.7,0.0,1.2,1.2,0.038,1.6,-2.2,-0.6,0.6,,3,0,0
2014,201.0,Carmelo Anthony,30.0,NYK,SF,40.0,40.0,1428.0,21.5,0.531,0.222,0.294,5.7,16.0,10.7,18.0,1.5,1.0,8.9,32.2,2.2,0.6,2.9,0.097,4.9,-1.9,3.0,1.8,AS,3,1,1
2014,202.0,Danilo Gallinari,26.0,DEN,SF,59.0,27.0,1426.0,16.8,0.563,0.53,0.336,2.3,14.7,8.3,9.4,1.6,1.1,8.0,21.5,3.0,1.0,3.9,0.132,2.6,-0.2,2.4,1.6,,3,0,0
2014,219.0,Kosta Koufos,25.0,MEM,C,81.0,3.0,1348.0,14.2,0.53,0.0,0.237,10.3,25.8,18.1,4.3,1.1,3.9,14.9,15.8,0.8,2.5,3.3,0.118,-2.0,0.7,-1.2,0.2,,3,1,1
2014,224.0,Jrue Holiday,24.0,NOP,PG,40.0,37.0,1303.0,18.8,0.522,0.253,0.142,2.8,9.0,5.9,34.9,2.5,1.3,13.8,23.1,2.3,1.1,3.4,0.124,2.5,0.3,2.8,1.6,,2,0,0
2014,240.0,Dwight Howard,29.0,HOU,C,41.0,41.0,1223.0,19.2,0.596,0.005,0.641,10.0,28.9,19.5,7.3,1.1,3.4,17.5,23.3,1.4,2.2,3.6,0.14,-0.3,-0.1,-0.4,0.5,,2,0,0
2014,242.0,Kobe Bryant,36.0,LAL,SG,35.0,35.0,1207.0,17.6,0.477,0.258,0.338,2.3,16.5,9.1,29.9,2.0,0.5,13.5,34.9,-0.4,0.6,0.2,0.006,2.0,-1.7,0.3,0.7,AS,1,0,0
2014,261.0,Nick Collison,34.0,OKC,PF,66.0,2.0,1101.0,11.2,0.485,0.237,0.257,8.9,15.3,12.2,11.6,1.6,1.8,13.8,12.8,1.0,1.2,2.2,0.097,-1.9,0.9,-1.0,0.3,,4,1,1
2014,290.0,Kevin Durant,26.0,OKC,SF,27.0,27.0,913.0,27.6,0.633,0.34,0.366,1.9,18.7,10.4,22.2,1.3,2.2,12.0,29.1,3.8,1.0,4.8,0.252,8.6,1.4,10.0,2.8,AS,4,0,0
2014,352.0,Larry Sanders,26.0,MIL,C,27.0,26.0,586.0,15.2,0.507,0.0,0.279,13.2,19.2,16.2,6.3,2.3,5.6,12.7,17.0,0.4,1.2,1.6,0.132,-2.4,1.4,-1.0,0.2,,1,0,0
2014,448.0,Paul George,24.0,IND,SF,6.0,0.0,91.0,13.0,0.492,0.449,0.224,4.9,21.7,13.4,11.8,2.8,0.9,18.2,32.8,-0.2,0.2,0.0,-0.008,-2.3,0.1,-2.2,0.0,,1,0,0
2015,1.0,James Harden,26.0,HOU,SG,82.0,82.0,3125.0,25.3,0.598,0.406,0.518,2.2,15.6,8.8,35.4,2.2,1.4,15.9,32.5,10.7,2.6,13.3,0.204,6.4,0.2,6.6,6.8,"MVP-9,AS",3,0,0
2015,3.0,Kemba Walker,25.0,CHO,PG,81.0,81.0,2885.0,20.8,0.554,0.368,0.329,2.1,11.5,6.8,25.7,2.2,1.1,10.1,26.5,6.3,3.6,9.9,0.164,3.5,0.5,4.0,4.3,,1,0,0
2015,5.0,Marcus Morris Sr.,26.0,DET,SF,80.0,80.0,2856.0,12.7,0.531,0.315,0.287,3.3,12.4,7.7,11.0,1.2,0.6,11.6,18.4,2.9,2.5,5.4,0.091,-0.3,0.1,-0.2,1.3,,1,0,0
2015,10.0,Paul George,25.0,IND,SF,81.0,81.0,2819.0,20.9,0.557,0.391,0.364,3.1,18.7,10.9,20.3,2.7,0.8,13.6,30.4,4.4,4.8,9.2,0.157,3.7,1.2,4.9,4.9,"AS,NBA3,DEF2",2,0,0
2015,12.0,DeMar DeRozan,26.0,TOR,SG,78.0,78.0,2804.0,21.5,0.55,0.101,0.474,2.7,11.5,7.1,20.8,1.5,0.6,9.5,29.8,7.5,2.4,9.9,0.169,3.2,-0.7,2.5,3.2,AS,3,0,0
2015,14.0,John Wall,25.0,WAS,PG,77.0,77.0,2784.0,19.8,0.51,0.243,0.255,1.7,13.8,7.6,46.2,2.5,1.7,17.5,28.6,2.2,3.5,5.7,0.098,3.1,0.4,3.5,3.9,AS,2,0,0
2015,16.0,Russell Westbrook,27.0,OKC,PG,80.0,80.0,2750.0,27.6,0.554,0.236,0.397,6.1,18.1,12.4,49.6,2.9,0.6,16.8,31.6,10.0,4.0,14.0,0.245,6.4,1.4,7.8,6.8,"MVP-4,AS,NBA1",4,0,0
2015,20.0,Stephen Curry,27.0,GSW,PG,79.0,79.0,2700.0,31.5,0.669,0.554,0.25,2.9,13.6,8.6,33.7,3.0,0.4,12.9,32.6,13.8,4.1,17.9,0.318,10.3,1.6,11.9,9.5,"MVP-1,AS,NBA1",3,0,0
2015,23.0,Klay Thompson,25.0,GSW,SG,80.0,80.0,2666.0,18.6,0.597,0.469,0.159,1.5,10.3,6.2,9.8,1.1,1.4,8.5,26.3,5.5,2.6,8.0,0.144,3.4,-1.6,1.8,2.5,"AS,NBA3",1,0,0
2015,27.0,Al Horford,29.0,ATL,C,82.0,82.0,2631.0,19.4,0.565,0.244,0.123,6.3,18.2,12.4,16.7,1.3,3.6,8.8,20.6,4.9,4.5,9.4,0.172,2.2,1.6,3.8,3.9,"DPOY-13,AS",5,1,1
2015,30.0,Kevin Durant,27.0,OKC,SF,72.0,72.0,2578.0,28.2,0.634,0.348,0.361,2.0,21.8,12.4,24.2,1.3,2.5,13.5,30.6,11.0,3.5,14.5,0.27,8.4,1.6,9.9,7.8,"MVP-5,AS,NBA2",5,1,1
2015,40.0,Serge Ibaka,26.0,OKC,PF,78.0,78.0,2500.0,13.9,0.533,0.212,0.139,6.5,16.2,11.6,3.9,0.8,4.5,10.5,17.6,2.5,3.0,5.5,0.105,-0.6,0.0,-0.6,0.8,,3,0,0
2015,46.0,Kevin Love,27.0,CLE,PF,77.0,77.0,2424.0,19.0,0.553,0.449,0.321,7.0,28.4,17.8,12.2,1.2,1.4,11.3,23.4,4.7,3.8,8.5,0.169,3.0,0.3,3.3,3.3,,4,1,1
2015,47.0,Chris Paul,30.0,LAC,PG,74.0,74.0,2420.0,26.2,0.575,0.295,0.294,1.8,12.0,7.0,52.7,3.1,0.4,13.4,27.1,9.2,3.5,12.7,0.253,5.9,2.0,7.9,6.0,"MVP-6,DPOY-13,AS,NBA2,DEF1",3,0,0
2015,52.0,Kawhi Leonard,24.0,SAS,SF,72.0,72.0,2380.0,26.0,0.616,0.267,0.306,4.7,18.4,11.8,13.0,2.8,2.3,7.8,25.8,8.3,5.5,13.7,0.277,6.1,3.0,9.1,6.7,"MVP-2,DPOY-1,AS,NBA1,DEF1",1,0,0
2015,54.0,Rudy Gay,29.0,SAC,SF,70.0,70.0,2379.0,15.5,0.538,0.214,0.252,4.7,15.9,10.4,8.0,2.0,1.7,11.1,22.4,1.8,2.1,3.8,0.078,-0.1,-0.3,-0.3,1.0,,1,0,0
2015,63.0,Ricky Rubio,25.0,MIN,PG,76.0,76.0,2323.0,17.6,0.529,0.324,0.536,2.0,14.1,8.2,41.4,3.5,0.4,21.0,17.7,3.6,2.2,5.8,0.119,1.0,0.8,1.8,2.3,,1,0,0
2015,69.0,Dwight Howard,30.0,HOU,C,71.0,71.0,2280.0,18.9,0.604,0.01,0.79,11.4,29.1,20.2,7.0,1.5,4.1,17.0,18.4,3.5,3.1,6.6,0.138,0.3,-0.2,0.1,1.2,,3,0,0
2015,79.0,DeMarcus Cousins,25.0,SAC,C,65.0,65.0,2246.0,23.6,0.538,0.158,0.498,7.7,28.2,18.0,17.0,2.2,3.3,13.3,35.4,2.4,3.3,5.7,0.122,2.7,0.6,3.3,3.0,"AS,NBA2",2,0,0
2015,97.0,Jared Dudley,30.0,WAS,PF,81.0,41.0,2098.0,11.7,0.602,0.489,0.201,2.8,12.6,7.6,11.4,1.7,0.7,13.1,12.7,2.6,2.0,4.6,0.105,-0.8,0.7,-0.1,1.0,,5,1,1
2015,99.0,Derrick Rose,27.0,CHI,PG,66.0,66.0,2097.0,13.4,0.479,0.143,0.171,2.4,8.8,5.6,25.5,1.1,0.5,13.4,27.3,-0.8,1.2,0.4,0.009,-0.6,-1.9,-2.5,-0.3,,4,0,0
2015,110.0,Nikola Vucevic,25.0,ORL,C,65.0,60.0,2037.0,21.1,0.531,0.009,0.143,9.3,22.2,15.7,15.9,1.3,2.8,10.0,26.8,2.8,2.4,5.2,0.122,1.9,0.0,1.9,2.0,,1,0,0
2015,114.0,Zach Randolph,34.0,MEM,PF,68.0,53.0,2016.0,18.3,0.519,0.029,0.238,9.7,20.7,15.0,12.9,1.1,0.6,9.5,24.6,2.8,1.5,4.3,0.103,1.4,-1.7,-0.3,0.9,,1,0,0
2015,118.0,Derrick Favors,24.0,UTA,PF,62.0,59.0,1983.0,21.6,0.551,0.005,0.313,10.0,19.6,14.8,8.9,2.0,3.9,10.1,23.9,3.8,3.4,7.1,0.173,2.1,1.2,3.3,2.6,,2,0,0
2015,119.0,Tony Parker,33.0,SAS,PG,72.0,72.0,1980.0,16.2,0.546,0.092,0.241,1.0,8.8,5.1,29.1,1.4,0.4,14.3,21.2,2.9,2.9,5.8,0.142,0.2,0.2,0.4,1.2,,1,0,0
2015,124.0,Taj Gibson,30.0,CHI,PF,73.0,55.0,1936.0,15.7,0.556,0.006,0.292,11.4,15.9,13.7,8.3,1.2,2.9,12.1,14.6,3.2,2.2,5.4,0.133,-0.4,0.4,0.0,1.0,,3,0,0
2015,135.0,Kobe Bryant,37.0,LAL,SF,66.0,66.0,1863.0,14.9,0.469,0.42,0.252,2.3,12.3,7.1,19.1,1.7,0.5,9.4,32.2,-0.9,0.5,-0.4,-0.01,0.9,-2.4,-1.6,0.2,AS,2,1,1
2015,137.0,Danilo Gallinari,27.0,DEN,SF,53.0,53.0,1839.0,19.0,0.582,0.341,0.617,3.1,14.0,8.5,11.8,1.1,0.8,8.0,23.0,5.5,0.9,6.3,0.165,3.4,-0.7,2.7,2.2,,1,1,1
2015,138.0,Jrue Holiday,25.0,NOP,PG,65.0,23.0,1831.0,19.7,0.529,0.277,0.231,1.6,10.5,5.9,37.3,2.4,1.0,14.0,28.9,2.2,1.2,3.4,0.089,2.7,-0.6,2.1,1.9,6MOY-16,3,0,0
2015,148.0,Mike Conley,28.0,MEM,PG,56.0,56.0,1761.0,19.4,0.538,0.309,0.329,1.6,9.3,5.3,32.7,2.0,0.8,9.5,22.4,4.2,1.1,5.3,0.144,3.5,-0.5,3.0,2.2,,5,1,1
2015,157.0,Kenneth Faried,26.0,DEN,PF,67.0,64.0,1694.0,21.0,0.577,0.003,0.355,15.1,23.0,19.0,8.1,0.9,2.9,11.2,21.0,4.0,1.5,5.5,0.156,1.7,-1.4,0.3,1.0,,1,0,0
2015,167.0,Kyrie Irving,23.0,CLE,PG,53.0,53.0,1667.0,19.9,0.54,0.298,0.217,3.0,7.6,5.3,26.6,1.7,0.9,11.4,29.5,3.2,1.7,5.0,0.143,3.2,-0.8,2.3,1.8,,1,0,0
2015,176.0,Markieff Morris,26.0,2TM,PF,64.0,45.0,1629.0,12.2,0.489,0.216,0.205,4.8,19.3,11.9,12.7,1.7,1.7,14.7,24.2,-1.2,1.7,0.5,0.015,-2.3,-0.1,-2.4,-0.2,,1,0,0
2015,176.0,Markieff Morris,26.0,PHO,PF,37.0,24.0,917.0,10.8,0.456,0.176,0.213,5.0,18.3,11.5,16.1,1.8,1.5,16.0,26.0,-1.3,0.8,-0.5,-0.029,-3.1,-0.5,-3.7,-0.4,,1,0,0
2015,176.0,Markieff Morris,26.0,WAS,PF,27.0,21.0,712.0,14.0,0.538,0.275,0.192,4.6,20.5,12.4,8.2,1.7,1.9,12.6,21.9,0.2,0.9,1.1,0.072,-1.3,0.5,-0.9,0.2,,1,0,0
2015,200.0,Andrew Bogut,31.0,GSW,C,70.0,66.0,1451.0,15.9,0.623,0.004,0.179,9.5,26.0,18.3,14.8,1.1,5.8,21.6,11.4,2.6,2.9,5.4,0.18,-0.9,3.2,2.4,1.6,,2,0,0
2015,207.0,Ty Lawson,28.0,2TM,PG,66.0,13.0,1411.0,9.7,0.476,0.305,0.243,2.0,7.4,4.7,24.6,1.9,0.4,19.5,14.9,0.2,0.7,0.9,0.032,-2.4,-1.2,-3.6,-0.6,,3,0,0
2015,207.0,Ty Lawson,28.0,HOU,PG,53.0,12.0,1176.0,8.9,0.48,0.328,0.279,1.9,6.5,4.2,22.3,1.8,0.4,20.3,14.8,0.0,0.4,0.4,0.017,-2.6,-1.5,-4.1,-0.6,,3,0,0
2015,207.0,Ty Lawson,28.0,IND,PG,13.0,1.0,235.0,13.7,0.46,0.209,0.09,2.8,11.6,7.2,36.1,2.1,0.3,15.7,15.5,0.2,0.3,0.5,0.103,-1.3,0.2,-1.2,0.0,,3,0,0
2015,248.0,Blake Griffin,26.0,LAC,PF,35.0,35.0,1170.0,22.1,0.544,0.03,0.322,4.8,22.3,13.7,27.2,1.2,1.1,10.8,29.8,2.2,1.6,3.8,0.156,3.4,1.1,4.5,1.9,,3,0,0
2015,264.0,Eric Bledsoe,26.0,PHO,PG,31.0,31.0,1059.0,20.0,0.557,0.262,0.35,1.8,11.2,6.4,31.8,2.9,1.5,16.2,27.2,1.6,1.0,2.5,0.116,2.5,0.8,3.3,1.4,,2,0,0
2015,305.0,Alec Burks,24.0,UTA,SG,31.0,3.0,797.0,14.3,0.52,0.237,0.422,2.4,13.6,8.0,13.9,1.2,0.4,11.4,25.9,0.7,0.8,1.5,0.09,0.2,-0.6,-0.4,0.3,,1,0,0
2015,321.0,Nick Collison,35.0,OKC,PF,59.0,4.0,699.0,7.7,0.498,0.018,0.303,11.2,15.2,13.3,9.6,1.1,1.7,28.8,10.6,0.1,0.7,0.8,0.053,-3.6,0.5,-3.1,-0.2,,1,0,0
2015,330.0,Joakim Noah,30.0,CHI,C,29.0,2.0,635.0,14.1,0.406,0.008,0.338,14.7,27.3,21.1,24.2,1.4,3.3,25.4,14.2,0.0,1.1,1.1,0.079,-1.5,3.1,1.6,0.6,,5,1,1
2015,353.0,Anderson Varejao,33.0,2TM,C,53.0,0.0,496.0,11.1,0.473,0.008,0.403,8.5,22.8,15.8,9.8,1.6,1.6,13.1,15.0,0.3,0.8,1.0,0.101,-3.5,0.6,-2.9,-0.1,,1,0,0
2015,353.0,Anderson Varejao,33.0,CLE,C,31.0,0.0,310.0,11.2,0.469,0.013,0.276,8.8,24.3,16.6,9.3,1.8,1.3,15.8,14.8,0.1,0.5,0.6,0.089,-3.4,1.0,-2.4,0.0,,1,0,0
2015,353.0,Anderson Varejao,33.0,GSW,C,22.0,0.0,186.0,11.0,0.477,0.0,0.604,8.0,20.2,14.5,10.5,1.3,2.0,9.0,15.5,0.2,0.3,0.5,0.12,-3.7,0.1,-3.6,-0.1,,1,0,0
2016,3.0,James Harden,27.0,HOU,PG,81.0,81.0,2947.0,27.4,0.613,0.493,0.575,3.5,20.9,12.2,50.7,2.0,1.0,19.5,34.2,11.5,3.6,15.0,0.245,7.5,1.2,8.7,8.0,"MVP-2,AS,NBA1",1,0,0
2016,5.0,John Wall,26.0,WAS,PG,78.0,78.0,2836.0,23.2,0.541,0.19,0.367,2.4,10.6,6.5,46.9,2.7,1.4,16.2,30.6,5.8,3.0,8.8,0.149,4.6,0.1,4.7,4.8,"MVP-7,AS,NBA3",3,0,0
2016,8.0,Russell Westbrook,28.0,OKC,PG,81.0,81.0,2802.0,30.6,0.554,0.3,0.433,5.4,28.8,17.1,57.3,2.3,0.9,15.9,41.7,8.5,4.6,13.1,0.224,8.7,2.4,11.1,9.3,"MVP-1,AS,NBA1",1,1,1
2016,13.0,Kemba Walker,26.0,CHO,PG,79.0,79.0,2739.0,21.3,0.569,0.415,0.248,1.8,10.6,6.2,29.1,1.6,0.7,9.5,29.2,5.9,2.2,8.1,0.142,4.9,-0.8,4.1,4.2,AS,2,0,0
2016,15.0,Anthony Davis,23.0,NOP,C,75.0,75.0,2708.0,27.5,0.58,0.088,0.424,6.7,27.9,17.2,11.1,1.7,5.1,9.1,32.6,5.9,5.1,11.0,0.195,4.4,1.4,5.9,5.4,"MVP-9,AS,NBA1,DEF2",1,0,0
2016,16.0,Damian Lillard,26.0,POR,PG,75.0,75.0,2694.0,24.1,0.586,0.389,0.366,1.9,13.3,7.6,28.7,1.3,0.6,10.2,31.5,8.8,1.5,10.4,0.185,6.1,-1.1,5.0,4.8,,1,0,0
2016,17.0,Paul George,26.0,IND,SF,75.0,75.0,2689.0,20.2,0.587,0.368,0.277,2.5,17.9,10.3,16.1,2.2,0.9,12.7,28.9,3.9,3.1,7.1,0.126,3.0,0.1,3.1,3.4,AS,3,0,0
2016,21.0,Klay Thompson,26.0,GSW,SG,78.0,78.0,2649.0,17.4,0.592,0.47,0.158,2.2,9.2,5.9,9.3,1.2,1.2,8.0,26.1,4.2,2.9,7.1,0.129,2.4,-1.6,0.8,1.9,AS,2,0,0
2016,22.0,Stephen Curry,28.0,GSW,PG,79.0,79.0,2638.0,24.6,0.624,0.547,0.251,2.7,11.4,7.3,31.2,2.6,0.5,13.0,30.1,8.7,3.9,12.6,0.229,6.7,0.3,6.9,5.9,"MVP-6,AS,NBA2",4,1,1
2016,23.0,DeMar DeRozan,27.0,TOR,SG,74.0,74.0,2620.0,24.0,0.552,0.08,0.419,3.0,13.6,8.3,20.6,1.5,0.4,9.0,34.3,6.7,2.4,9.0,0.166,4.1,-1.0,3.0,3.3,"MVP-11,AS,NBA3",4,1,1
2016,29.0,Marcus Morris Sr.,27.0,DET,SF,79.0,79.0,2565.0,12.4,0.508,0.355,0.184,3.2,12.8,7.8,9.4,1.0,0.8,7.4,20.3,1.4,2.4,3.9,0.072,-0.8,-0.3,-1.1,0.6,,2,0,0
2016,35.0,Kyrie Irving,24.0,CLE,PG,72.0,72.0,2525.0,23.0,0.58,0.311,0.231,2.3,7.5,5.0,29.7,1.6,0.8,10.3,30.8,7.4,1.5,8.9,0.17,4.7,-1.3,3.4,3.4,AS,2,0,0
2016,40.0,Kawhi Leonard,25.0,SAS,SF,74.0,74.0,2474.0,27.6,0.61,0.295,0.406,3.7,15.7,9.8,18.9,2.7,1.8,9.1,31.1,8.9,4.7,13.6,0.264,7.1,2.2,9.4,7.1,"MVP-3,DPOY-3,AS,NBA1,DEF1",2,0,0
2016,42.0,Ricky Rubio,26.0,MIN,PG,75.0,75.0,2469.0,16.8,0.539,0.302,0.438,3.2,11.4,7.2,38.9,2.6,0.3,20.1,17.4,4.5,1.7,6.1,0.119,1.2,-0.2,0.9,1.8,,2,0,0
2016,43.0,DeMarcus Cousins,26.0,2TM,C,72.0,72.0,2465.0,25.8,0.562,0.253,0.468,7.0,29.2,18.2,25.8,2.0,3.4,13.5,36.5,3.9,3.8,7.6,0.149,5.0,1.8,6.8,5.5,AS,3,0,0
2016,43.0,DeMarcus Cousins,26.0,SAC,C,55.0,55.0,1891.0,26.5,0.562,0.239,0.491,7.1,28.3,17.8,27.4,2.0,3.6,13.2,37.5,3.4,2.6,6.0,0.153,5.6,1.6,7.2,4.4,,3,0,0
2016,43.0,DeMarcus Cousins,26.0,NOP,C,17.0,17.0,574.0,23.2,0.564,0.306,0.385,6.8,32.2,19.4,20.6,2.1,2.7,14.4,33.1,0.5,1.1,1.6,0.136,3.0,2.5,5.5,1.1,,3,0,0
2016,46.0,Serge Ibaka,27.0,2TM,PF,79.0,79.0,2422.0,16.4,0.566,0.323,0.127,5.7,19.0,12.2,5.2,0.8,4.2,9.2,20.9,2.5,2.6,5.1,0.101,0.4,-0.3,0.1,1.2,,4,1,1
2016,46.0,Serge Ibaka,27.0,ORL,PF,56.0,56.0,1710.0,17.5,0.569,0.304,0.129,6.2,18.5,12.2,5.9,1.0,4.3,8.2,20.8,2.1,1.7,3.8,0.108,0.9,-0.2,0.7,1.2,,4,1,1
2016,46.0,Serge Ibaka,27.0,TOR,PF,23.0,23.0,712.0,13.8,0.556,0.369,0.122,4.6,20.1,12.4,3.3,0.5,4.0,11.7,20.9,0.4,0.8,1.3,0.085,-0.8,-0.6,-1.5,0.1,,4,1,1
2016,54.0,Markieff Morris,27.0,WAS,PF,76.0,76.0,2374.0,13.7,0.54,0.22,0.242,5.1,18.2,11.7,7.8,1.7,1.5,11.6,20.5,1.6,2.5,4.1,0.083,-1.4,-0.1,-1.5,0.3,,2,0,0
2016,55.0,Michael Kidd-Gilchrist,23.0,CHO,SF,81.0,81.0,2349.0,14.3,0.528,0.015,0.314,7.3,19.3,13.2,7.4,1.7,2.9,7.4,14.6,2.7,3.1,5.8,0.119,-1.6,0.9,-0.7,0.7,,1,0,0
2016,75.0,Dwight Howard,31.0,ATL,C,74.0,74.0,2199.0,20.8,0.627,0.003,0.692,15.0,31.7,23.5,7.8,1.4,3.6,17.5,19.2,3.8,4.5,8.3,0.181,0.6,0.8,1.4,1.9,,4,1,1
2016,77.0,Wilson Chandler,29.0,DEN,SF,71.0,33.0,2197.0,14.9,0.545,0.347,0.207,5.2,17.8,11.6,9.8,1.1,1.1,10.0,22.0,2.4,1.1,3.5,0.077,0.5,-1.5,-1.0,0.5,,2,0,0
2016,79.0,Jrue Holiday,26.0,NOP,PG,67.0,61.0,2190.0,17.1,0.532,0.315,0.188,2.2,10.6,6.4,35.9,2.2,1.6,16.7,23.5,1.3,2.6,3.8,0.084,1.0,0.2,1.3,1.8,,4,1,1
2016,82.0,Eric Bledsoe,27.0,PHO,PG,66.0,66.0,2176.0,20.5,0.563,0.3,0.443,2.5,13.8,8.0,31.1,2.0,1.2,15.3,28.1,4.0,1.4,5.3,0.118,3.7,-0.1,3.6,3.1,,3,0,0
2016,84.0,Nikola Vucevic,26.0,ORL,C,75.0,55.0,2163.0,19.1,0.498,0.073,0.155,8.6,31.3,19.6,16.9,1.7,2.8,9.6,24.8,0.8,3.1,4.0,0.088,0.8,0.6,1.4,1.9,,2,0,0
2016,89.0,Danilo Gallinari,28.0,DEN,SF,63.0,63.0,2134.0,17.4,0.622,0.432,0.516,2.0,14.7,8.4,9.1,0.9,0.5,8.2,20.0,6.2,0.7,6.8,0.154,2.8,-1.4,1.4,1.9,,2,0,0
2016,98.0,Derrick Rose,28.0,NYK,PG,64.0,64.0,2082.0,17.0,0.53,0.061,0.259,3.4,9.3,6.4,22.8,1.1,0.7,11.9,25.7,2.4,0.6,3.0,0.068,1.0,-2.0,-1.0,0.5,,5,1,1
2016,99.0,Blake Griffin,27.0,LAC,PF,61.0,61.0,2076.0,22.6,0.569,0.116,0.434,6.2,20.2,13.4,24.5,1.4,0.9,10.9,28.0,5.4,2.4,7.7,0.179,4.2,0.5,4.7,3.5,,4,0,0
2016,101.0,Jonas Valanciunas,24.0,TOR,C,80.0,80.0,2066.0,20.1,0.601,0.003,0.309,12.4,29.1,20.8,4.4,0.9,2.6,11.7,19.5,4.9,3.0,7.9,0.183,1.1,-0.8,0.3,1.2,,1,0,0
2016,113.0,Taj Gibson,31.0,2TM,PF,78.0,71.0,1989.0,15.0,0.543,0.018,0.223,8.6,17.9,13.2,5.9,1.0,2.6,11.9,19.3,1.6,2.5,4.0,0.097,-1.1,-0.4,-1.5,0.2,,4,1,1
2016,113.0,Taj Gibson,31.0,CHI,PF,55.0,55.0,1502.0,15.4,0.549,0.023,0.225,8.5,19.0,13.7,6.5,0.9,2.6,11.7,19.2,1.4,1.9,3.3,0.104,-1.0,-0.2,-1.2,0.3,,4,1,1
2016,113.0,Taj Gibson,31.0,OKC,PF,23.0,16.0,487.0,13.8,0.528,0.006,0.218,8.6,14.8,11.7,4.2,1.4,2.5,12.5,19.5,0.2,0.6,0.8,0.076,-1.7,-0.9,-2.5,-0.1,,4,1,1
2016,120.0,Terrence Ross,25.0,2TM,SF,78.0,24.0,1955.0,13.4,0.55,0.524,0.103,1.0,10.8,5.9,7.1,2.2,1.4,8.0,19.3,1.5,2.0,3.5,0.086,-0.3,0.1,-0.2,0.9,,1,0,0
2016,120.0,Terrence Ross,25.0,TOR,SF,54.0,0.0,1207.0,14.9,0.558,0.534,0.104,1.3,11.6,6.5,5.9,2.2,1.4,6.2,19.8,1.6,1.3,2.9,0.116,1.1,0.2,1.2,1.0,,1,0,0
2016,120.0,Terrence Ross,25.0,ORL,SF,24.0,24.0,748.0,11.1,0.536,0.506,0.101,0.6,9.6,5.0,9.0,2.3,1.4,11.2,18.5,0.0,0.6,0.6,0.037,-2.5,0.0,-2.5,-0.1,,1,0,0
2016,124.0,Chris Paul,31.0,LAC,PG,61.0,61.0,1921.0,26.2,0.614,0.385,0.331,2.4,15.0,8.8,46.8,3.1,0.3,14.0,24.4,7.9,2.6,10.6,0.264,6.3,2.5,8.7,5.2,DEF1,4,0,0
2016,141.0,Zach Randolph,35.0,MEM,PF,73.0,5.0,1786.0,18.5,0.49,0.098,0.2,11.3,27.4,19.2,13.5,1.1,0.5,8.6,29.2,0.8,2.4,3.2,0.086,1.0,-1.6,-0.5,0.7,6MOY-4,2,1,1
2016,155.0,Ty Lawson,29.0,SAC,PG,69.0,24.0,1732.0,15.4,0.551,0.226,0.416,3.0,8.9,6.0,29.9,2.2,0.3,17.3,19.5,2.2,1.0,3.2,0.088,-0.2,-0.8,-1.0,0.4,,4,1,1
2016,178.0,Tony Parker,34.0,SAS,PG,63.0,63.0,1587.0,13.0,0.514,0.121,0.206,0.7,7.3,4.0,27.8,1.1,0.1,12.5,20.2,1.4,1.7,3.0,0.092,-1.6,-0.9,-2.6,-0.2,,2,0,0
2016,224.0,Kenneth Faried,27.0,DEN,PF,61.0,34.0,1296.0,20.3,0.588,0.014,0.454,15.8,23.6,19.7,6.3,1.6,2.4,10.6,18.3,3.3,1.2,4.5,0.168,1.5,-1.2,0.3,0.7,,2,0,0
2016,249.0,Derrick Favors,25.0,UTA,PF,50.0,39.0,1186.0,15.8,0.512,0.024,0.261,9.2,20.2,14.9,7.9,2.0,2.7,11.4,20.7,0.5,2.2,2.7,0.109,-1.2,1.2,-0.1,0.6,,3,0,0
2016,255.0,Jeremy Lamb,24.0,CHO,SG,62.0,5.0,1143.0,17.0,0.55,0.297,0.263,2.9,22.6,12.7,11.3,1.2,1.8,6.8,23.2,1.4,1.3,2.7,0.115,0.5,0.1,0.5,0.7,,1,0,0
2016,262.0,John Henson,26.0,MIL,C,58.0,39.0,1123.0,15.3,0.55,0.003,0.346,9.6,20.8,15.3,7.7,1.3,6.1,12.7,16.6,1.2,1.6,2.7,0.116,-2.3,0.7,-1.6,0.1,,1,0,0
2016,280.0,Rudy Gay,30.0,SAC,SF,30.0,30.0,1013.0,17.9,0.559,0.256,0.312,4.0,17.5,10.8,14.1,2.2,2.3,12.8,25.8,0.8,1.0,1.8,0.087,1.4,0.5,1.9,1.0,,2,0,0
2016,326.0,Alec Burks,25.0,UTA,SG,42.0,0.0,653.0,11.6,0.501,0.306,0.315,3.1,17.7,10.6,7.5,1.4,0.6,11.0,22.7,-0.1,0.9,0.8,0.056,-2.2,0.0,-2.3,0.0,,2,0,0
2016,336.0,Andrew Bogut,32.0,2TM,C,27.0,21.0,583.0,9.3,0.46,0.012,0.136,10.6,33.9,21.7,12.3,1.2,3.9,33.4,10.4,-0.3,1.0,0.7,0.055,-5.2,2.6,-2.6,-0.1,,3,1,1
2016,336.0,Andrew Bogut,32.0,DAL,C,26.0,21.0,582.0,9.4,0.46,0.012,0.136,10.7,34.0,21.7,12.3,1.2,3.9,33.4,10.4,-0.3,1.0,0.7,0.055,-5.1,2.6,-2.5,-0.1,,3,1,1
2016,336.0,Andrew Bogut,32.0,CLE,C,1.0,0.0,1.0,-35.3,,,,0.0,0.0,0.0,0.0,0.0,0.0,,0.0,0.0,0.0,0.0,0.02,-50.1,5.1,-45.0,0.0,,3,1,1
2016,427.0,Nick Collison,36.0,OKC,PF,20.0,0.0,128.0,12.9,0.622,0.043,0.348,7.8,19.1,13.4,13.2,0.8,1.2,13.1,10.1,0.3,0.1,0.4,0.145,-1.3,1.1,-0.2,0.1,,2,1,1
2016,440.0,Anderson Varejao,34.0,GSW,C,14.0,1.0,92.0,9.4,0.478,0.0,0.786,15.3,16.8,16.1,13.0,1.6,2.6,29.8,12.6,0.0,0.1,0.2,0.097,-4.7,0.5,-4.2,-0.1,,2,0,0
2016,478.0,Larry Sanders,28.0,CLE,C,5.0,0.0,13.0,6.5,0.41,0.0,0.5,26.3,8.2,17.0,0.0,3.8,6.2,29.1,23.6,0.0,0.0,0.0,-0.029,-13.4,-1.7,-15.0,0.0,,3,0,0
2017,6.0,C.J. McCollum,26.0,POR,SG,81.0,81.0,2923.0,16.9,0.536,0.316,0.166,2.0,9.9,6.0,15.8,1.3,1.0,8.6,26.5,3.7,2.9,6.6,0.108,1.8,-0.5,1.2,2.4,,1,0,0
2017,8.0,Russell Westbrook,29.0,OKC,PG,80.0,80.0,2914.0,24.7,0.524,0.193,0.336,5.6,25.7,15.3,49.8,2.5,0.6,16.4,34.1,5.5,4.5,10.1,0.166,4.8,1.5,6.3,6.1,"MVP-5,AS,NBA2",2,0,0
2017,9.0,Paul George,27.0,OKC,SF,79.0,79.0,2891.0,18.7,0.57,0.454,0.307,2.7,14.9,8.6,14.5,2.8,1.2,12.2,25.7,5.0,3.9,8.9,0.147,2.3,0.6,2.9,3.6,"DPOY-4,AS,NBA3",4,0,0
2017,10.0,Giannis Antetokounmpo,23.0,MIL,PF,75.0,75.0,2756.0,27.3,0.598,0.1,0.457,6.7,25.3,16.0,23.7,2.0,3.3,11.7,31.2,8.3,3.6,11.9,0.207,5.3,0.9,6.2,5.7,"MVP-6,AS,NBA2",1,0,0
2017,11.0,Kemba Walker,27.0,CHO,PG,80.0,80.0,2736.0,20.6,0.572,0.441,0.308,1.2,8.7,4.9,27.4,1.6,0.7,10.4,27.4,6.5,2.0,8.6,0.15,4.7,-0.7,4.0,4.2,AS,3,0,0
2017,13.0,Anthony Davis,24.0,NOP,PF,75.0,75.0,2727.0,28.9,0.612,0.111,0.409,7.7,24.8,16.5,10.8,2.0,5.6,8.6,30.0,8.8,4.9,13.7,0.241,5.3,1.4,6.7,5.9,"MVP-3,DPOY-3,AS,NBA1,DEF1",2,0,0
2017,18.0,Damian Lillard,27.0,POR,PG,73.0,73.0,2670.0,25.2,0.594,0.445,0.38,2.6,10.6,6.6,30.9,1.4,0.8,11.1,30.6,9.9,2.7,12.6,0.227,7.0,0.3,7.2,6.3,"MVP-4,AS,NBA1",2,0,0
2017,28.0,Victor Oladipo,25.0,IND,SG,75.0,75.0,2552.0,23.1,0.577,0.323,0.274,2.1,15.1,8.6,21.2,3.5,2.0,12.7,30.1,4.3,4.0,8.2,0.155,4.1,1.7,5.8,5.0,"MVP-13,DPOY-15,MIP-1,AS,NBA3,DEF1",1,0,0
2017,29.0,James Harden,28.0,HOU,SG,72.0,72.0,2551.0,29.8,0.619,0.498,0.502,1.8,15.2,8.6,45.1,2.4,1.7,15.1,36.1,11.6,3.8,15.4,0.289,8.5,1.4,9.9,7.7,"MVP-1,AS,NBA1",2,1,1
2017,33.0,Klay Thompson,27.0,GSW,SG,73.0,73.0,2506.0,16.0,0.598,0.442,0.083,1.5,10.3,6.2,11.2,1.1,1.1,9.5,23.7,3.1,1.8,4.9,0.094,1.7,-2.1,-0.4,1.0,"DPOY-11,AS",3,0,0
2017,35.0,Steven Adams,24.0,OKC,C,76.0,76.0,2487.0,20.6,0.63,0.003,0.402,16.6,13.9,15.3,5.5,1.8,2.8,13.3,16.7,6.7,3.0,9.7,0.187,1.7,-0.6,1.1,2.0,DPOY-12,1,0,0
2017,48.0,Wilson Chandler,30.0,DEN,SF,74.0,71.0,2346.0,10.9,0.542,0.39,0.181,4.9,14.1,9.6,9.4,0.9,1.4,11.9,14.3,2.1,1.2,3.3,0.067,-1.0,-1.1,-2.1,-0.1,,3,0,0
2017,50.0,Eric Bledsoe,28.0,2TM,PG,74.0,74.0,2322.0,19.7,0.582,0.364,0.321,2.6,11.7,7.1,25.7,3.2,1.5,16.1,26.1,3.1,2.5,5.6,0.116,2.3,0.3,2.5,2.6,,4,0,0
2017,50.0,Eric Bledsoe,28.0,PHO,PG,3.0,3.0,83.0,13.0,0.509,0.325,0.35,3.8,5.2,4.5,17.9,2.3,1.9,17.8,28.7,-0.1,0.0,0.0,-0.029,-0.7,-2.4,-3.2,0.0,,4,0,0
2017,50.0,Eric Bledsoe,28.0,MIL,PG,71.0,71.0,2239.0,20.0,0.585,0.366,0.319,2.5,11.9,7.2,26.0,3.2,1.5,16.0,26.0,3.2,2.4,5.7,0.121,2.4,0.4,2.8,2.7,,4,0,0
2017,62.0,Ricky Rubio,27.0,UTA,PG,77.0,77.0,2254.0,15.4,0.537,0.33,0.307,2.2,15.3,8.8,28.4,2.7,0.4,18.1,22.9,1.5,3.8,5.3,0.112,-0.7,1.5,0.7,1.6,,3,0,0
2017,72.0,Derrick Favors,26.0,UTA,C,77.0,77.0,2153.0,18.8,0.593,0.09,0.306,10.6,18.5,14.6,7.8,1.3,3.2,9.9,18.5,4.5,3.5,8.0,0.179,0.9,0.7,1.5,1.9,,4,1,1
2017,82.0,Dennis Schröder,24.0,ATL,PG,67.0,67.0,2078.0,17.3,0.515,0.229,0.231,2.4,8.8,5.6,36.2,1.7,0.2,12.7,30.4,1.5,1.0,2.6,0.059,1.2,-1.9,-0.6,0.7,,1,0,0
2017,106.0,John Henson,27.0,MIL,C,76.0,69.0,1970.0,15.7,0.582,0.014,0.315,9.0,21.5,15.3,8.6,1.1,4.7,12.8,15.0,2.8,2.2,4.9,0.12,-1.0,0.1,-0.9,0.5,,2,0,0
2017,107.0,Blake Griffin,28.0,2TM,PF,58.0,58.0,1970.0,19.6,0.544,0.323,0.331,4.1,19.8,12.0,28.1,1.0,0.8,12.6,28.9,3.2,1.8,4.9,0.12,3.6,-0.2,3.4,2.7,,5,1,1
2017,107.0,Blake Griffin,28.0,LAC,PF,33.0,33.0,1139.0,20.4,0.553,0.324,0.379,4.5,20.5,12.6,25.6,1.3,0.7,12.8,29.3,2.0,1.0,3.0,0.125,3.8,-0.4,3.4,1.6,,5,1,1
2017,107.0,Blake Griffin,28.0,DET,PF,25.0,25.0,831.0,18.5,0.531,0.323,0.266,3.5,18.9,11.0,31.5,0.7,1.0,12.4,28.4,1.1,0.8,1.9,0.113,3.4,0.1,3.4,1.1,,5,1,1
2017,108.0,Markieff Morris,28.0,WAS,PF,73.0,73.0,1968.0,13.2,0.566,0.301,0.186,4.3,19.2,11.8,11.0,1.4,1.7,14.6,19.5,1.2,2.1,3.3,0.08,-1.3,0.1,-1.3,0.4,,3,0,0
2017,109.0,Jeremy Lamb,25.0,CHO,SG,80.0,18.0,1967.0,17.0,0.559,0.305,0.25,2.7,15.4,8.9,15.4,1.5,1.4,9.1,22.4,3.0,1.9,4.9,0.12,1.3,0.2,1.6,1.8,,2,0,0
2017,114.0,Kyrie Irving,25.0,BOS,PG,60.0,60.0,1931.0,25.0,0.61,0.374,0.24,1.9,10.8,6.4,30.7,1.7,0.7,10.4,31.0,6.3,2.7,8.9,0.222,6.4,0.9,7.3,4.5,AS,3,0,0
2017,125.0,Michael Kidd-Gilchrist,24.0,CHO,SF,74.0,74.0,1850.0,12.5,0.536,0.004,0.305,4.8,13.0,8.8,5.9,1.3,1.4,7.7,16.1,1.7,1.6,3.3,0.084,-2.1,0.0,-2.1,-0.1,,2,0,0
2017,126.0,Chris Paul,32.0,HOU,PG,58.0,58.0,1847.0,24.4,0.604,0.475,0.277,2.3,16.7,9.5,40.9,2.6,0.6,12.5,24.5,7.5,2.7,10.2,0.265,5.2,1.8,7.1,4.2,,5,1,1
2017,132.0,Rudy Gobert,25.0,UTA,C,56.0,56.0,1816.0,20.7,0.657,0.0,0.673,10.4,27.0,18.8,6.9,1.2,6.0,15.7,16.9,4.2,3.9,8.1,0.214,0.9,2.5,3.4,2.5,"DPOY-1,DEF1",1,0,0
2017,146.0,DeMarcus Cousins,27.0,NOP,C,48.0,48.0,1737.0,22.6,0.583,0.34,0.456,6.8,30.9,19.2,23.0,2.2,3.5,18.9,31.9,1.5,3.2,4.7,0.13,2.5,2.2,4.7,2.9,AS,4,1,1
2017,150.0,Jonas Valanciunas,25.0,TOR,C,77.0,77.0,1727.0,22.5,0.628,0.108,0.307,12.1,30.3,21.4,7.5,0.8,3.2,12.9,22.7,4.6,3.0,7.6,0.21,2.4,0.0,2.4,1.9,,2,0,0
2017,157.0,Nikola Vucevic,27.0,ORL,C,57.0,57.0,1683.0,19.7,0.533,0.243,0.112,6.6,27.8,17.1,19.9,1.6,3.0,11.0,25.9,1.3,2.3,3.6,0.102,1.7,1.0,2.7,2.0,,3,0,0
2017,207.0,Marcus Morris Sr.,28.0,BOS,PF,54.0,21.0,1442.0,14.5,0.541,0.383,0.252,3.3,18.4,11.0,8.2,1.2,0.7,8.7,23.0,1.1,2.2,3.2,0.108,-0.1,-0.1,-0.1,0.7,,3,0,0
2017,215.0,John Wall,27.0,WAS,PG,41.0,41.0,1410.0,19.1,0.515,0.25,0.361,1.8,10.2,6.0,44.5,2.0,2.8,17.0,29.1,1.2,1.5,2.7,0.092,3.5,-0.5,3.0,1.8,AS,4,0,0
2017,231.0,Gorgui Dieng,28.0,MIN,C,79.0,0.0,1333.0,14.7,0.543,0.157,0.263,9.1,22.2,15.6,7.5,1.7,2.6,12.0,16.3,1.6,1.3,2.9,0.105,-0.9,-0.1,-1.0,0.3,,1,0,0
2017,241.0,Rudy Gay,31.0,SAS,PF,57.0,6.0,1231.0,18.0,0.545,0.22,0.27,6.8,19.5,13.1,9.8,1.9,2.6,11.5,24.6,1.0,2.1,3.1,0.122,0.2,0.6,0.8,0.9,,3,1,1
2017,264.0,Tony Parker,35.0,SAS,PG,55.0,21.0,1071.0,12.7,0.498,0.095,0.201,0.7,9.2,4.9,28.2,1.3,0.1,13.9,20.5,0.3,1.1,1.4,0.065,-2.3,-0.9,-3.3,-0.3,,3,1,1
2017,267.0,Alec Burks,26.0,UTA,SG,64.0,1.0,1059.0,13.1,0.527,0.343,0.3,2.1,18.4,10.3,10.0,1.8,0.6,11.4,22.5,0.2,1.6,1.9,0.084,-1.3,0.4,-0.9,0.3,,3,0,0
2017,331.0,Danilo Gallinari,29.0,LAC,SF,21.0,21.0,671.0,13.8,0.545,0.434,0.34,1.5,14.9,8.3,8.9,0.9,1.2,8.1,20.6,0.8,0.4,1.2,0.088,0.4,-0.9,-0.5,0.3,,3,1,1
2017,336.0,Cody Zeller,25.0,CHO,C,33.0,0.0,627.0,15.9,0.602,0.019,0.545,11.4,19.3,15.3,7.4,1.1,2.8,14.6,15.7,1.2,0.7,1.9,0.145,-1.2,0.0,-1.2,0.1,,1,0,0
2017,338.0,Terrence Ross,26.0,ORL,SG,24.0,20.0,600.0,9.9,0.505,0.487,0.188,1.8,11.6,6.7,9.3,2.2,1.5,12.3,17.3,-0.2,0.5,0.3,0.025,-2.8,0.1,-2.7,-0.1,,2,0,0
2017,360.0,Kenneth Faried,28.0,DEN,PF,32.0,7.0,461.0,17.4,0.552,0.007,0.345,16.7,20.7,18.7,5.8,1.3,2.4,11.9,18.3,0.9,0.4,1.3,0.132,-0.3,-1.7,-2.1,0.0,,3,0,0
2017,419.0,Kawhi Leonard,26.0,SAS,SF,9.0,9.0,210.0,26.0,0.572,0.315,0.342,3.1,19.1,11.1,17.7,4.3,3.6,11.1,30.6,0.3,0.5,0.9,0.196,5.2,4.9,10.1,0.6,,3,0,0
2017,422.0,Quincy Pondexter,29.0,CHI,SF,23.0,1.0,196.0,4.0,0.398,0.449,0.347,4.2,10.8,7.4,6.3,2.0,0.9,16.3,15.0,-0.3,0.1,-0.2,-0.047,-7.0,-0.4,-7.4,-0.3,,4,1,1
2018,2.0,James Harden,29.0,HOU,PG,78.0,78.0,2867.0,30.6,0.616,0.539,0.449,2.5,17.8,10.0,39.5,2.7,1.7,14.5,40.5,11.4,3.8,15.2,0.254,9.4,1.6,11.0,9.3,"MVP-2,AS,NBA1",3,0,0
2018,3.0,Kemba Walker,28.0,CHO,PG,82.0,82.0,2863.0,21.7,0.558,0.434,0.267,1.9,11.9,6.8,29.4,1.7,1.0,10.1,31.5,5.5,1.9,7.4,0.123,5.2,-1.0,4.2,4.4,"AS,NBA3",4,1,1
2018,5.0,Paul George,28.0,OKC,SF,77.0,77.0,2841.0,23.3,0.583,0.469,0.335,3.7,19.6,11.4,17.7,2.8,1.0,10.0,29.5,7.0,4.9,11.9,0.201,5.6,1.6,7.2,6.6,"MVP-3,DPOY-3,AS,NBA1,DEF1",5,1,1
2018,6.0,Damian Lillard,28.0,POR,PG,80.0,80.0,2838.0,23.7,0.588,0.419,0.335,2.6,11.1,7.0,30.6,1.5,1.0,10.8,29.3,9.7,2.4,12.1,0.205,6.6,-0.3,6.4,6.0,"MVP-6,AS,NBA2",3,0,0
2018,12.0,Steven Adams,25.0,OKC,C,80.0,80.0,2669.0,18.5,0.591,0.002,0.361,14.7,14.8,14.7,6.6,2.0,2.4,12.6,16.4,5.1,4.0,9.1,0.163,0.7,0.4,1.1,2.1,,2,0,0
2018,13.0,Klay Thompson,28.0,GSW,SG,78.0,78.0,2652.0,16.6,0.571,0.427,0.113,1.6,10.1,6.0,10.5,1.5,1.5,7.2,25.6,2.9,2.3,5.3,0.095,1.1,-1.4,-0.3,1.2,"AS,DEF2",4,1,1
2018,16.0,Russell Westbrook,30.0,OKC,PG,73.0,73.0,2630.0,21.1,0.501,0.279,0.306,4.1,28.3,15.8,46.5,2.5,1.1,16.3,30.9,1.8,5.0,6.8,0.124,2.8,2.4,5.2,4.7,"MVP-10,AS,NBA3",1,1,1
2018,23.0,Rudy Gobert,26.0,UTA,C,81.0,80.0,2577.0,24.6,0.682,0.0,0.733,13.2,30.2,21.9,9.6,1.2,5.8,12.1,17.8,8.7,5.7,14.4,0.268,3.0,2.5,5.4,4.8,"MVP-11,DPOY-1,NBA3,DEF1",2,0,0
2018,30.0,Andrew Wiggins,23.0,MIN,SF,73.0,73.0,2543.0,12.4,0.493,0.288,0.245,3.5,11.4,7.4,10.9,1.3,1.6,9.3,24.4,-0.6,1.3,0.6,0.012,-1.2,-1.8,-3.0,-0.6,,1,0,0
2018,31.0,Josh Richardson,25.0,MIA,SG,73.0,73.0,2539.0,14.0,0.536,0.448,0.225,2.3,8.8,5.5,17.9,1.5,1.2,9.1,20.9,3.0,2.6,5.6,0.106,0.1,0.2,0.3,1.5,,1,0,0
2018,33.0,Nikola Vucevic,28.0,ORL,C,80.0,80.0,2510.0,25.5,0.573,0.171,0.168,9.4,31.9,20.5,21.9,1.6,3.0,9.9,28.0,5.4,4.7,10.1,0.193,5.0,1.7,6.6,5.5,AS,4,1,1
2018,46.0,C.J. McCollum,27.0,POR,SG,70.0,70.0,2375.0,17.0,0.553,0.358,0.154,2.9,9.7,6.3,13.8,1.1,0.9,7.4,25.5,4.0,1.7,5.6,0.114,2.1,-1.0,1.0,1.8,,2,0,0
2018,47.0,Giannis Antetokounmpo,24.0,MIL,PF,72.0,72.0,2358.0,30.9,0.644,0.163,0.55,7.3,30.0,19.3,30.3,1.8,3.9,14.8,32.3,8.9,5.5,14.4,0.292,6.3,4.1,10.4,7.4,"MVP-1,DPOY-2,AS,NBA1,DEF1",2,0,0
2018,54.0,Dennis Schröder,25.0,OKC,PG,79.0,14.0,2314.0,12.7,0.508,0.33,0.206,1.6,11.3,6.3,20.4,1.3,0.4,12.5,24.2,0.4,2.4,2.9,0.06,-1.3,-0.7,-2.0,0.0,6MOY-8,2,0,0
2018,60.0,Eric Bledsoe,29.0,MIL,PG,78.0,78.0,2272.0,19.3,0.577,0.388,0.243,3.9,11.8,8.1,27.4,2.4,1.1,13.3,22.9,4.4,3.7,8.2,0.173,1.9,1.2,3.1,2.9,DEF1,5,1,1
2018,62.0,Jeremy Lamb,26.0,CHO,SG,79.0,55.0,2250.0,17.3,0.552,0.337,0.266,3.1,18.1,10.4,11.9,1.9,1.2,6.8,22.5,3.3,2.0,5.3,0.113,1.2,0.0,1.2,1.8,,3,1,1
2018,68.0,Kyrie Irving,26.0,BOS,PG,67.0,67.0,2214.0,24.3,0.592,0.35,0.197,3.4,12.7,8.1,35.0,2.2,1.4,11.3,29.6,6.2,2.9,9.1,0.197,6.0,1.1,7.2,5.1,"AS,NBA2",4,0,0
2018,81.0,Joel Embiid,24.0,PHI,C,64.0,64.0,2154.0,26.1,0.593,0.219,0.541,8.1,34.0,21.4,18.4,1.0,4.4,13.2,33.3,4.9,3.8,8.7,0.194,4.0,0.9,4.9,3.8,"MVP-7,DPOY-4,AS,NBA2,DEF2",1,0,0
2018,82.0,Terrence Ross,27.0,ORL,SG,81.0,0.0,2150.0,15.4,0.561,0.551,0.14,1.3,12.8,7.0,9.9,1.6,1.1,7.6,23.9,1.7,2.6,4.3,0.095,1.1,-0.3,0.8,1.5,6MOY-5,3,1,1
2018,89.0,Marcus Morris Sr.,29.0,BOS,PF,75.0,53.0,2091.0,14.2,0.568,0.461,0.205,3.9,19.5,11.7,7.5,1.0,1.1,9.1,20.9,2.1,2.5,4.5,0.104,-0.2,-0.7,-0.9,0.6,,4,1,1
2018,97.0,Kawhi Leonard,27.0,TOR,SF,60.0,60.0,2040.0,25.8,0.606,0.267,0.377,4.2,18.6,11.6,16.4,2.5,1.0,8.4,30.3,6.1,3.4,9.5,0.224,6.1,1.1,7.2,4.7,"MVP-9,DPOY-6,AS,NBA2,DEF2",4,0,0
2018,105.0,Louis Williams,32.0,LAC,SG,75.0,1.0,1993.0,21.2,0.554,0.256,0.426,2.2,9.4,5.9,33.0,1.3,0.4,11.8,32.4,3.9,1.2,5.1,0.123,4.3,-2.1,2.2,2.1,6MOY-1,1,0,0
2018,123.0,Ricky Rubio,28.0,UTA,PG,68.0,67.0,1899.0,14.0,0.52,0.348,0.312,1.9,11.8,6.9,32.1,2.3,0.4,17.8,22.7,0.9,2.8,3.7,0.095,-1.0,0.8,-0.2,0.9,,4,1,1
2018,131.0,Anthony Davis,25.0,NOP,C,56.0,56.0,1850.0,30.3,0.597,0.141,0.422,9.9,27.5,18.8,19.0,2.2,6.0,8.4,29.5,6.4,3.1,9.5,0.247,7.1,2.3,9.4,5.3,AS,3,0,0
2018,165.0,Gary Harris,24.0,DEN,SG,57.0,48.0,1639.0,12.2,0.526,0.38,0.226,2.7,7.9,5.3,11.0,1.6,1.0,8.9,20.0,1.1,1.5,2.6,0.076,-1.2,-0.4,-1.6,0.2,,1,0,0
2018,204.0,Alec Burks,27.0,3TM,SG,64.0,24.0,1375.0,12.7,0.523,0.354,0.297,2.3,17.0,9.4,13.7,1.4,1.3,10.8,19.0,0.7,0.8,1.5,0.052,-0.6,-0.7,-1.2,0.3,,4,1,1
2018,204.0,Alec Burks,27.0,UTA,SG,17.0,0.0,269.0,12.4,0.547,0.377,0.333,0.8,9.9,5.4,11.2,1.1,1.2,10.3,23.2,0.2,0.3,0.5,0.084,-0.4,-0.2,-0.6,0.1,,4,1,1
2018,204.0,Alec Burks,27.0,CLE,SG,34.0,24.0,979.0,13.2,0.517,0.35,0.288,2.8,19.0,10.6,15.0,1.3,1.4,10.7,19.2,0.6,0.3,0.9,0.042,-0.2,-1.2,-1.4,0.1,,4,1,1
2018,204.0,Alec Burks,27.0,SAC,SG,13.0,0.0,127.0,9.0,0.495,0.3,0.25,1.6,16.6,8.9,9.5,2.9,0.7,15.3,8.5,0.0,0.2,0.2,0.062,-3.9,2.8,-1.1,0.0,,4,1,1
2018,208.0,T.J. Warren,25.0,PHO,SF,43.0,36.0,1360.0,16.3,0.58,0.295,0.203,2.5,11.8,7.1,7.7,1.8,1.8,7.2,22.7,1.6,0.5,2.1,0.074,0.9,-1.1,-0.2,0.6,,1,0,0
2018,224.0,Markieff Morris,29.0,2TM,PF,58.0,16.0,1270.0,11.7,0.521,0.419,0.19,5.0,17.5,11.1,8.8,1.3,1.5,9.3,19.1,0.6,1.1,1.6,0.061,-2.1,-0.6,-2.7,-0.2,,4,1,1
2018,224.0,Markieff Morris,29.0,WAS,PF,34.0,15.0,883.0,12.3,0.543,0.439,0.223,5.0,16.6,10.7,9.6,1.3,1.9,11.5,19.5,0.4,0.5,0.9,0.051,-1.8,-0.9,-2.7,-0.2,,4,1,1
2018,224.0,Markieff Morris,29.0,OKC,PF,24.0,1.0,387.0,10.4,0.475,0.378,0.122,5.2,19.6,12.1,6.8,1.3,0.4,4.1,18.0,0.2,0.5,0.7,0.083,-2.8,0.1,-2.8,-0.1,,4,1,1
2018,232.0,Cody Zeller,26.0,CHO,C,49.0,47.0,1243.0,17.2,0.611,0.064,0.409,9.4,19.7,14.5,12.1,1.5,2.9,13.2,16.3,2.6,1.2,3.9,0.15,-0.6,0.7,0.1,0.7,,2,0,0
2018,242.0,Robert Covington,28.0,2TM,SF,35.0,35.0,1203.0,13.3,0.58,0.622,0.246,2.5,14.6,8.5,5.2,2.9,3.2,10.5,15.6,0.9,1.6,2.5,0.1,-0.5,2.1,1.6,1.1,,1,0,0
2018,242.0,Robert Covington,28.0,PHI,SF,13.0,13.0,440.0,11.0,0.578,0.658,0.197,1.7,14.0,8.1,4.3,2.6,4.1,14.8,14.2,0.0,0.7,0.7,0.077,-1.7,2.2,0.5,0.3,,1,0,0
2018,242.0,Robert Covington,28.0,MIN,SF,22.0,22.0,763.0,14.7,0.58,0.604,0.269,2.9,14.9,8.8,5.8,3.1,2.7,8.4,16.5,0.9,0.9,1.8,0.114,0.1,2.1,2.2,0.8,,1,0,0
2018,246.0,Michael Kidd-Gilchrist,25.0,CHO,PF,64.0,3.0,1179.0,13.3,0.553,0.142,0.37,7.9,14.8,11.3,7.4,1.3,2.9,10.0,15.7,1.5,1.0,2.5,0.1,-2.3,-0.1,-2.4,-0.1,,3,0,0
2018,247.0,Wilson Chandler,31.0,2TM,SF,51.0,33.0,1177.0,8.5,0.537,0.579,0.092,4.4,14.6,9.7,9.1,1.0,1.4,13.9,11.8,0.5,1.0,1.5,0.062,-2.3,-0.5,-2.8,-0.2,,4,1,1
2018,247.0,Wilson Chandler,31.0,PHI,PF,36.0,32.0,951.0,9.1,0.561,0.57,0.087,5.0,13.4,9.4,9.9,1.1,1.5,15.4,11.2,0.6,0.9,1.5,0.074,-1.8,-0.2,-2.0,0.0,,4,1,1
2018,247.0,Wilson Chandler,31.0,LAC,SF,15.0,1.0,226.0,5.8,0.463,0.606,0.106,1.9,19.5,11.0,5.9,0.6,1.1,9.2,14.2,-0.1,0.2,0.0,0.009,-4.5,-1.6,-6.1,-0.2,,4,1,1
2018,251.0,Victor Oladipo,26.0,IND,SG,36.0,36.0,1147.0,17.6,0.519,0.367,0.24,2.1,17.1,9.8,25.2,2.6,0.9,11.2,27.9,0.4,1.9,2.3,0.097,1.8,1.2,2.9,1.4,AS,2,0,0
2018,254.0,Norman Powell,25.0,TOR,SG,60.0,3.0,1126.0,13.3,0.596,0.425,0.188,1.6,11.5,6.7,11.6,1.7,1.0,13.1,19.0,1.0,1.4,2.4,0.102,-0.9,0.2,-0.7,0.4,,1,0,0
2018,260.0,John Wall,28.0,WAS,PG,32.0,32.0,1104.0,18.0,0.527,0.306,0.317,1.5,10.1,5.7,39.2,2.1,2.2,16.1,28.8,0.5,0.7,1.2,0.051,2.2,-1.4,0.9,0.8,,5,1,1
2018,261.0,Jonas Valanciunas,26.0,2TM,C,49.0,27.0,1091.0,24.4,0.616,0.089,0.344,10.7,31.4,21.1,12.0,0.8,4.4,12.7,28.5,2.2,1.9,4.2,0.183,2.2,0.4,2.7,1.3,,3,0,0
2018,261.0,Jonas Valanciunas,26.0,TOR,C,30.0,10.0,564.0,24.4,0.639,0.116,0.363,10.6,30.2,20.6,8.5,1.1,3.4,11.5,25.9,1.6,1.1,2.6,0.224,2.3,0.8,3.2,0.7,,3,0,0
2018,261.0,Jonas Valanciunas,26.0,MEM,C,19.0,17.0,527.0,24.4,0.594,0.065,0.326,10.9,32.7,21.6,15.7,0.6,5.4,13.8,31.4,0.7,0.9,1.5,0.14,2.1,0.0,2.1,0.5,,3,0,0
2018,273.0,Gorgui Dieng,29.0,MIN,C,76.0,2.0,1031.0,18.1,0.572,0.149,0.281,8.3,24.1,16.1,10.3,2.2,3.4,11.9,19.6,1.5,1.3,2.8,0.132,-0.3,0.9,0.6,0.7,,2,0,0
2018,325.0,Kenneth Faried,29.0,2TM,C,37.0,13.0,728.0,21.6,0.622,0.094,0.374,14.4,23.4,18.8,4.6,1.1,2.7,9.7,20.3,2.1,0.9,2.9,0.193,1.3,-1.5,-0.2,0.3,,4,1,1
2018,325.0,Kenneth Faried,29.0,BRK,C,12.0,0.0,118.0,20.5,0.622,0.119,0.381,13.4,25.7,19.6,2.8,0.8,2.7,10.9,19.6,0.2,0.2,0.4,0.168,1.5,-1.1,0.4,0.1,,4,1,1
2018,325.0,Kenneth Faried,29.0,HOU,C,25.0,13.0,610.0,21.8,0.622,0.09,0.372,14.6,23.0,18.7,4.9,1.2,2.6,9.4,20.4,1.8,0.7,2.5,0.198,1.3,-1.6,-0.4,0.3,,4,1,1
2018,428.0,John Henson,28.0,MIL,C,14.0,0.0,188.0,17.1,0.553,0.463,0.149,9.2,28.0,19.2,10.1,1.7,4.9,14.4,18.6,0.1,0.4,0.6,0.146,0.4,2.1,2.5,0.2,,3,0,0
2019,1.0,C.J. McCollum,28.0,POR,SG,70.0,70.0,2556.0,17.0,0.541,0.378,0.136,1.9,10.2,6.1,19.1,1.0,1.4,8.1,25.9,3.5,0.6,4.1,0.077,2.3,-1.8,0.5,1.6,,3,0,0
2019,2.0,Devin Booker,23.0,PHO,SG,70.0,70.0,2512.0,20.6,0.618,0.31,0.397,1.3,12.0,6.6,30.0,0.9,0.6,14.9,30.0,6.0,1.5,7.5,0.143,3.4,-1.3,2.2,2.6,AS,1,0,0
2019,3.0,James Harden,30.0,HOU,SG,68.0,68.0,2483.0,29.1,0.626,0.557,0.528,2.9,16.0,9.4,35.9,2.3,2.1,14.2,36.3,9.9,3.2,13.1,0.254,8.1,1.6,9.6,7.3,"MVP-3,AS,NBA1",1,1,1
2019,5.0,Damian Lillard,29.0,POR,PG,66.0,66.0,2474.0,26.9,0.627,0.5,0.384,1.4,10.5,6.0,34.4,1.3,0.8,11.0,30.3,10.9,0.7,11.6,0.225,8.3,-0.9,7.5,5.9,"MVP-8,AS,NBA2",4,0,0
2019,12.0,Rudy Gobert,27.0,UTA,C,68.0,68.0,2333.0,21.7,0.699,0.0,0.724,11.2,31.3,21.6,6.5,1.1,4.8,15.0,16.2,6.5,4.2,10.7,0.221,1.7,1.9,3.6,3.3,"DPOY-3,AS,NBA3,DEF1",3,0,0
2019,19.0,T.J. Warren,26.0,IND,SF,67.0,67.0,2202.0,18.4,0.61,0.227,0.205,3.4,10.5,7.0,7.1,1.7,1.4,7.2,23.3,4.0,2.6,6.5,0.143,1.2,0.0,1.1,1.7,,2,0,0
2019,25.0,Robert Covington,29.0,2TM,C,70.0,68.0,2137.0,13.3,0.559,0.664,0.172,3.0,20.2,11.4,5.9,2.5,3.7,11.7,17.0,0.7,3.0,3.7,0.083,-1.2,1.3,0.0,1.1,,2,0,0
2019,25.0,Robert Covington,29.0,MIN,PF,48.0,47.0,1411.0,13.5,0.572,0.629,0.19,2.6,19.5,10.7,5.9,2.6,2.6,12.0,17.8,0.5,1.8,2.3,0.078,-1.2,1.2,0.0,0.7,,2,0,0
2019,25.0,Robert Covington,29.0,HOU,C,22.0,21.0,726.0,13.1,0.531,0.74,0.132,3.9,21.7,12.7,6.1,2.2,5.7,11.1,15.4,0.2,1.2,1.4,0.094,-1.2,1.4,0.2,0.4,,2,0,0
2019,26.0,Anthony Davis,26.0,LAL,PF,62.0,62.0,2131.0,27.4,0.61,0.199,0.479,7.4,22.1,14.8,15.1,2.0,6.0,10.4,29.3,6.7,4.4,11.1,0.25,5.4,2.6,8.0,5.4,"MVP-6,DPOY-2,AS,NBA1,DEF1",4,0,0
2019,44.0,Russell Westbrook,31.0,HOU,PG,57.0,57.0,2049.0,21.0,0.536,0.166,0.297,5.1,18.1,11.5,35.6,2.1,0.8,15.0,34.4,1.7,2.5,4.2,0.098,1.6,-0.1,1.5,1.8,"AS,NBA3",2,0,0
2019,55.0,Dennis Schröder,26.0,OKC,PG,65.0,2.0,1999.0,16.7,0.575,0.337,0.245,1.1,11.6,6.5,21.9,1.1,0.6,13.4,27.2,1.9,1.8,3.6,0.087,1.1,-1.1,-0.1,1.0,6MOY-2,3,0,0
2019,59.0,Spencer Dinwiddie,26.0,BRK,PG,64.0,49.0,1994.0,17.8,0.541,0.392,0.437,1.7,9.6,5.7,35.0,0.9,0.9,12.5,29.2,3.2,1.6,4.8,0.116,2.7,-0.9,1.8,1.9,,1,0,0
2019,67.0,Giannis Antetokounmpo,25.0,MIL,PF,63.0,63.0,1917.0,31.9,0.613,0.237,0.508,7.7,34.8,22.1,34.2,1.5,3.0,13.2,37.5,6.1,5.0,11.1,0.279,7.4,4.1,11.5,6.6,"MVP-1,DPOY-1,AS,NBA1,DEF1",3,0,0
2019,79.0,Louis Williams,33.0,LAC,PG,65.0,8.0,1864.0,17.3,0.546,0.337,0.362,1.8,9.2,5.6,30.1,1.1,0.6,14.4,28.4,2.3,1.8,4.1,0.105,2.2,-1.4,0.7,1.3,6MOY-3,2,0,0
2019,80.0,Andrew Wiggins,24.0,2TM,SF,54.0,54.0,1858.0,16.4,0.536,0.342,0.274,3.6,12.3,7.8,18.1,1.1,2.4,10.7,27.4,0.8,1.1,1.9,0.05,1.1,-1.4,-0.3,0.8,,2,0,0
2019,80.0,Andrew Wiggins,24.0,MIN,SF,42.0,42.0,1455.0,16.1,0.535,0.348,0.262,3.4,12.9,7.9,18.1,0.9,2.1,10.8,28.0,0.6,0.8,1.4,0.046,1.1,-1.5,-0.4,0.6,,2,0,0
2019,80.0,Andrew Wiggins,24.0,GSW,SF,12.0,12.0,403.0,17.5,0.542,0.314,0.324,4.7,10.3,7.4,18.2,1.9,3.8,10.4,25.4,0.2,0.3,0.5,0.064,1.0,-1.1,-0.1,0.2,,2,0,0
2019,84.0,Kawhi Leonard,28.0,LAC,SF,57.0,57.0,1848.0,26.9,0.589,0.287,0.355,3.1,19.1,11.3,26.4,2.6,1.6,10.2,33.0,5.4,3.3,8.7,0.226,6.5,2.4,8.9,5.1,"MVP-5,DPOY-8,AS,NBA2,DEF2",5,1,1
2019,85.0,Jonas Valanciunas,27.0,MEM,C,70.0,70.0,1845.0,22.2,0.631,0.123,0.271,12.4,32.2,22.5,10.9,0.8,3.6,13.3,21.5,4.2,2.8,7.0,0.182,2.1,0.2,2.4,2.0,,4,1,1
2019,88.0,Myles Turner,23.0,IND,C,62.0,62.0,1826.0,14.8,0.566,0.426,0.288,5.2,19.1,12.2,5.4,1.2,6.4,11.4,17.9,1.1,3.1,4.2,0.111,-1.0,1.1,0.1,1.0,,1,0,0
2019,95.0,Gary Harris,25.0,DEN,SG,56.0,55.0,1780.0,9.7,0.519,0.405,0.177,1.6,8.6,5.1,8.9,2.1,0.7,9.7,15.1,0.5,1.4,1.9,0.052,-2.8,0.3,-2.5,-0.2,,2,0,0
2019,96.0,Kevin Love,31.0,CLE,PF,56.0,56.0,1780.0,17.9,0.599,0.536,0.301,3.3,31.1,17.1,15.4,0.9,0.9,14.5,23.1,2.5,1.3,3.8,0.101,2.6,-0.5,2.0,1.8,,1,0,0
2019,103.0,LaMarcus Aldridge,34.0,SAS,C,53.0,53.0,1754.0,19.7,0.571,0.198,0.241,6.3,17.8,12.0,11.4,1.0,4.4,7.8,23.4,3.0,1.4,4.5,0.122,1.8,-0.5,1.4,1.5,,1,0,0
2019,113.0,Josh Richardson,26.0,PHI,SG,55.0,53.0,1693.0,12.0,0.533,0.385,0.218,2.7,8.7,5.7,13.9,1.5,1.8,12.8,20.6,0.5,1.7,2.1,0.061,-1.4,-0.4,-1.8,0.1,,2,0,0
2019,117.0,Steven Adams,26.0,OKC,C,63.0,63.0,1680.0,20.5,0.604,0.006,0.421,14.0,24.0,19.2,13.2,1.5,3.4,14.2,17.3,3.8,2.7,6.5,0.185,1.9,1.1,2.9,2.1,,3,0,0
2019,123.0,Eric Bledsoe,30.0,MIL,PG,61.0,61.0,1646.0,17.6,0.571,0.306,0.304,2.8,13.5,8.5,28.7,1.6,1.4,15.7,23.7,2.4,3.0,5.4,0.157,0.8,1.0,1.8,1.6,DEF2,1,0,0
2019,148.0,Joel Embiid,25.0,PHI,C,51.0,51.0,1506.0,25.8,0.59,0.215,0.543,10.3,33.2,21.7,16.9,1.4,3.7,13.8,32.9,3.3,2.7,6.0,0.192,3.7,1.0,4.7,2.5,AS,2,0,0
2019,153.0,Norman Powell,26.0,TOR,SG,52.0,26.0,1479.0,16.8,0.624,0.457,0.256,1.9,11.4,6.8,9.7,1.9,1.4,10.4,21.5,2.3,2.3,4.6,0.15,1.2,0.8,2.0,1.5,,2,0,0
2019,154.0,Larry Nance Jr.,27.0,CLE,PF,56.0,10.0,1472.0,17.3,0.608,0.369,0.172,7.9,23.1,15.4,12.3,1.9,1.3,11.5,15.2,2.8,1.1,3.9,0.128,1.4,0.4,1.7,1.4,,1,0,0
2019,174.0,Cody Zeller,27.0,CHO,C,58.0,39.0,1341.0,18.8,0.576,0.157,0.374,12.6,21.2,16.7,11.3,1.5,1.7,11.9,20.8,2.3,1.3,3.6,0.129,0.2,-0.8,-0.6,0.5,,3,0,0
2019,213.0,Karl-Anthony Towns,24.0,MIN,C,35.0,35.0,1187.0,26.5,0.642,0.445,0.363,8.1,26.1,16.8,22.8,1.3,2.9,13.2,28.8,3.7,1.3,5.1,0.204,7.0,0.8,7.8,2.9,,1,0,0
2019,230.0,Gorgui Dieng,30.0,2TM,C,63.0,17.0,1096.0,17.1,0.568,0.418,0.277,8.5,25.8,17.0,9.7,2.2,4.5,12.8,17.6,1.3,1.7,2.9,0.129,-0.2,1.8,1.5,1.0,,3,0,0
2019,230.0,Gorgui Dieng,30.0,MIN,C,46.0,17.0,778.0,17.8,0.563,0.433,0.213,9.5,25.8,17.4,11.1,2.2,4.5,12.7,18.4,0.9,1.1,2.1,0.129,0.3,1.5,1.8,0.7,,3,0,0
2019,230.0,Gorgui Dieng,30.0,MEM,C,17.0,0.0,318.0,15.5,0.583,0.368,0.483,6.1,26.0,16.2,6.3,2.1,4.7,13.2,15.9,0.3,0.6,0.9,0.13,-1.5,2.5,1.0,0.2,,3,0,0
2019,315.0,Kyrie Irving,27.0,BRK,PG,20.0,20.0,658.0,26.2,0.595,0.341,0.245,3.5,12.5,8.1,36.7,1.9,1.3,10.1,32.6,2.1,0.8,2.9,0.21,6.7,0.9,7.7,1.6,,5,1,1
2019,320.0,John Henson,29.0,2TM,C,40.0,8.0,600.0,17.0,0.578,0.211,0.269,8.5,21.8,15.1,13.4,2.0,6.0,15.8,16.3,0.6,0.8,1.4,0.109,-1.2,2.1,0.9,0.4,,4,1,1
2019,320.0,John Henson,29.0,CLE,C,29.0,2.0,412.0,16.9,0.539,0.258,0.275,8.5,22.3,15.4,15.2,1.9,6.7,13.5,16.1,0.4,0.5,0.9,0.109,-1.2,2.2,1.1,0.3,,4,1,1
2019,320.0,John Henson,29.0,DET,C,11.0,6.0,188.0,17.1,0.67,0.098,0.255,8.3,20.8,14.5,9.3,2.1,4.5,20.9,16.7,0.2,0.2,0.4,0.11,-1.2,1.7,0.5,0.1,,4,1,1
2019,333.0,Victor Oladipo,27.0,IND,SG,19.0,16.0,528.0,11.3,0.506,0.423,0.24,1.9,13.6,7.8,15.4,1.6,0.7,14.7,26.5,-0.6,0.6,0.0,0.002,-2.2,-1.1,-3.3,-0.2,,3,0,0
2019,379.0,Justise Winslow,23.0,MIA,SG,11.0,5.0,352.0,8.5,0.44,0.209,0.209,5.3,17.5,11.6,18.7,1.0,1.4,14.6,20.6,-0.4,0.4,0.0,-0.004,-3.5,-0.1,-3.6,-0.1,,1,0,0
2019,397.0,Michael Kidd-Gilchrist,26.0,2TM,PF,25.0,0.0,281.0,4.2,0.416,0.303,0.212,5.3,20.4,12.8,7.1,0.3,1.9,18.1,13.7,-0.4,0.2,-0.2,-0.03,-6.3,-1.1,-7.4,-0.4,,4,1,1
2019,397.0,Michael Kidd-Gilchrist,26.0,CHO,PF,12.0,0.0,160.0,6.1,0.421,0.321,0.17,5.9,18.4,11.9,9.5,0.0,1.7,10.9,17.6,-0.2,0.1,-0.1,-0.028,-5.3,-1.6,-6.9,-0.2,,4,1,1
2019,397.0,Michael Kidd-Gilchrist,26.0,DAL,PF,13.0,0.0,121.0,1.7,0.395,0.231,0.385,4.4,23.1,13.9,4.0,0.8,2.1,37.2,8.5,-0.2,0.1,-0.1,-0.032,-7.6,-0.4,-8.0,-0.2,,4,1,1
2020,4.0,Buddy Hield,28.0,SAC,SG,71.0,71.0,2433.0,12.8,0.567,0.727,0.105,1.3,14.1,7.6,14.7,1.2,1.0,11.1,20.7,1.5,0.7,2.2,0.044,1.0,-1.6,-0.6,0.9,,1,0,0
2020,5.0,Damian Lillard,30.0,POR,PG,67.0,67.0,2398.0,25.6,0.623,0.528,0.363,1.4,11.5,6.3,34.6,1.3,0.6,11.6,31.4,9.6,0.8,10.4,0.209,7.5,-1.3,6.3,5.0,"MVP-7,AS,NBA2",5,1,1
2020,7.0,Russell Westbrook,32.0,WAS,PG,65.0,65.0,2369.0,19.5,0.509,0.221,0.334,4.9,28.6,16.8,48.6,1.7,0.8,18.0,30.2,0.5,3.2,3.7,0.075,2.6,1.1,3.7,3.4,MVP-11,3,0,0
2020,8.0,Andrew Wiggins,25.0,GSW,PF,71.0,71.0,2364.0,15.0,0.568,0.348,0.225,3.7,11.8,7.8,10.9,1.3,2.6,9.8,23.3,1.2,2.7,3.9,0.08,0.0,-0.4,-0.4,1.0,,3,0,0
2020,13.0,Devin Booker,24.0,PHO,SG,67.0,67.0,2270.0,19.2,0.587,0.288,0.305,1.7,12.1,7.0,20.6,1.2,0.6,12.4,32.7,2.9,2.0,4.9,0.104,1.7,-1.4,0.3,1.3,AS,2,0,0
2020,17.0,Robert Covington,30.0,POR,PF,70.0,70.0,2243.0,11.2,0.553,0.699,0.122,2.8,19.8,11.1,6.8,2.2,3.4,10.7,11.5,1.4,2.4,3.7,0.08,-1.3,1.5,0.2,1.2,,3,0,0
2020,18.0,Royce O'Neale,27.0,UTA,SF,71.0,71.0,2241.0,9.9,0.599,0.706,0.117,4.4,18.0,11.5,10.4,1.2,1.2,16.7,9.6,2.3,3.3,5.6,0.121,-1.2,2.1,1.0,1.7,,1,0,0
2020,19.0,Domantas Sabonis,24.0,IND,PF,62.0,62.0,2231.0,20.6,0.601,0.179,0.363,7.3,28.6,18.0,27.5,1.6,1.2,16.9,24.1,4.0,3.0,6.9,0.149,2.3,1.6,3.8,3.3,AS,1,0,0
2020,21.0,Norman Powell,27.0,2TM,SF,69.0,58.0,2205.0,16.2,0.618,0.453,0.295,2.0,8.8,5.3,9.2,1.8,0.8,10.3,22.6,3.4,1.3,4.7,0.103,1.1,-0.7,0.4,1.3,,3,0,0
2020,21.0,Norman Powell,27.0,TOR,SG,42.0,31.0,1277.0,17.7,0.645,0.475,0.288,1.6,9.6,5.4,10.0,1.8,0.6,10.8,24.2,2.3,0.9,3.2,0.12,2.2,-0.7,1.5,1.1,,3,0,0
2020,21.0,Norman Powell,27.0,POR,SF,27.0,27.0,928.0,14.2,0.576,0.418,0.307,2.6,7.8,5.1,8.1,1.8,1.0,9.5,20.5,1.1,0.4,1.5,0.078,-0.5,-0.7,-1.2,0.2,,3,0,0
2020,23.0,Rudy Gobert,28.0,UTA,C,71.0,71.0,2187.0,23.5,0.683,0.007,0.646,12.2,33.5,23.3,6.0,0.9,7.0,13.7,17.0,6.1,5.2,11.3,0.248,2.1,2.8,4.9,3.8,"MVP-10,DPOY-1,AS,NBA3,DEF1",4,1,1
2020,31.0,Dejounte Murray,24.0,SAS,PG,67.0,67.0,2139.0,16.5,0.509,0.204,0.138,2.8,21.1,11.8,25.9,2.3,0.3,10.2,23.4,0.7,2.6,3.3,0.074,-0.2,1.0,0.8,1.5,,1,0,0
2020,36.0,Eric Bledsoe,31.0,NOP,SG,71.0,70.0,2111.0,11.5,0.533,0.486,0.267,1.5,11.1,6.3,17.3,1.2,1.1,12.3,18.5,1.1,1.3,2.3,0.053,-1.2,-0.9,-2.0,0.0,,2,0,0
2020,46.0,Giannis Antetokounmpo,26.0,MIL,PF,61.0,61.0,2013.0,29.2,0.633,0.201,0.528,5.3,28.9,17.5,28.7,1.7,3.2,13.2,32.5,6.9,3.3,10.2,0.244,6.2,2.8,9.0,5.6,"MVP-4,DPOY-5,AS,NBA1,DEF1",4,1,1
2020,47.0,Pascal Siakam,26.0,TOR,PF,56.0,56.0,2006.0,17.7,0.547,0.256,0.313,5.0,17.6,11.1,20.5,1.5,1.8,10.6,26.3,2.3,2.0,4.2,0.101,1.0,-0.3,0.8,1.4,,1,0,0
2020,48.0,Jaylen Brown,24.0,BOS,SG,58.0,58.0,1999.0,19.9,0.586,0.37,0.225,3.9,15.5,9.7,16.5,1.8,1.5,11.5,29.7,2.8,2.0,4.8,0.115,3.2,-0.7,2.5,2.3,AS,1,0,0
2020,49.0,Dillon Brooks,25.0,MEM,SF,67.0,67.0,1997.0,12.1,0.515,0.361,0.189,2.8,7.7,5.2,11.7,1.9,1.2,9.6,26.1,-0.5,1.8,1.4,0.033,-2.6,-1.1,-3.7,-0.9,,1,0,0
2020,53.0,Draymond Green,30.0,GSW,PF,63.0,63.0,1982.0,13.3,0.53,0.332,0.232,3.0,20.8,12.0,36.4,2.5,2.3,31.0,13.1,1.2,3.4,4.6,0.112,-1.6,3.3,1.7,1.9,"DPOY-3,DEF1",1,0,0
2020,55.0,Dennis Schröder,27.0,LAL,SG,61.0,61.0,1956.0,13.8,0.543,0.279,0.32,1.7,10.3,6.1,26.9,1.7,0.6,15.8,22.9,1.0,2.7,3.8,0.093,-1.3,0.2,-1.1,0.4,,4,1,1
2020,72.0,Ben Simmons,24.0,PHI,PG,58.0,58.0,1877.0,18.3,0.584,0.017,0.492,5.6,18.7,12.2,31.3,2.4,1.7,19.6,20.2,2.7,3.3,6.0,0.153,0.7,2.2,2.9,2.3,"MVP-12,DPOY-2,AS,DEF1",1,0,0
2020,87.0,Josh Richardson,27.0,DAL,SG,59.0,56.0,1790.0,11.9,0.537,0.432,0.175,3.2,8.8,6.0,12.1,1.7,1.2,10.6,18.4,1.0,1.4,2.4,0.066,-1.5,-0.2,-1.7,0.1,,3,0,0
2020,102.0,Jamal Murray,23.0,DEN,PG,48.0,48.0,1704.0,18.3,0.592,0.399,0.193,2.5,10.4,6.5,20.3,1.9,0.7,11.2,24.8,3.1,1.5,4.6,0.129,2.7,-0.7,2.0,1.7,,1,0,0
2020,105.0,Karl-Anthony Towns,25.0,MIN,C,50.0,50.0,1689.0,23.1,0.612,0.36,0.355,8.2,26.4,17.0,22.6,1.1,2.9,13.7,29.1,3.8,1.6,5.4,0.153,4.3,0.2,4.5,2.8,,2,0,0
2020,116.0,James Harden,31.0,2TM,PG,44.0,43.0,1609.0,24.5,0.618,0.455,0.44,2.5,20.6,11.9,44.4,1.6,1.8,16.8,28.4,5.3,1.7,7.0,0.208,6.2,1.0,7.2,3.7,"MVP-13,AS",2,0,0
2020,116.0,James Harden,31.0,HOU,PG,8.0,8.0,290.0,22.4,0.613,0.533,0.444,1.8,13.8,7.5,46.9,1.1,1.8,17.4,28.7,0.8,0.2,1.0,0.159,5.4,-0.6,4.8,0.5,,2,0,0
2020,116.0,James Harden,31.0,BRK,PG,36.0,35.0,1319.0,25.0,0.619,0.437,0.439,2.6,22.1,12.9,43.8,1.7,1.8,16.7,28.4,4.5,1.5,6.0,0.219,6.4,1.3,7.7,3.2,,2,0,0
2020,117.0,Steven Adams,27.0,NOP,C,58.0,58.0,1605.0,15.1,0.596,0.01,0.438,14.4,20.4,17.4,9.1,1.6,2.2,17.5,11.7,2.3,1.7,4.0,0.119,-0.4,0.1,-0.3,0.7,,4,1,1
2020,118.0,Kyle Lowry,34.0,TOR,PG,46.0,46.0,1601.0,16.5,0.593,0.555,0.268,2.3,15.1,8.5,31.8,1.4,0.9,15.9,21.4,2.9,1.3,4.1,0.124,2.0,-0.4,1.6,1.5,,1,1,1
2020,120.0,C.J. McCollum,29.0,POR,SG,47.0,47.0,1600.0,20.8,0.577,0.475,0.15,2.0,10.6,6.2,23.0,1.3,1.2,6.5,27.1,4.1,0.6,4.7,0.141,5.0,-1.1,3.9,2.4,,4,1,1
2020,121.0,Joel Embiid,26.0,PHI,C,51.0,51.0,1585.0,30.3,0.636,0.171,0.61,8.0,29.1,18.7,16.2,1.5,3.9,12.2,35.3,5.6,3.2,8.8,0.266,6.3,1.2,7.5,3.8,"MVP-2,DPOY-7,AS,NBA2,DEF2",3,0,0
2020,135.0,Cedi Osman,25.0,CLE,SF,59.0,26.0,1510.0,10.3,0.488,0.553,0.162,2.8,12.4,7.5,17.7,1.7,0.5,11.3,20.4,-0.5,1.0,0.5,0.014,-2.3,-0.9,-3.2,-0.5,,1,0,0
2020,141.0,Caris LeVert,26.0,2TM,SG,47.0,39.0,1486.0,17.8,0.531,0.317,0.221,2.5,13.1,7.8,25.4,2.1,1.7,10.2,28.7,0.9,1.5,2.4,0.077,0.9,-0.5,0.4,0.9,,1,0,0
2020,141.0,Caris LeVert,26.0,BRK,SG,12.0,4.0,334.0,19.1,0.516,0.315,0.17,3.5,13.2,8.6,34.1,1.9,1.6,10.8,31.5,0.3,0.3,0.6,0.084,2.1,-0.6,1.5,0.3,,1,0,0
2020,141.0,Caris LeVert,26.0,IND,SG,35.0,35.0,1152.0,17.4,0.535,0.318,0.238,2.2,13.0,7.6,22.9,2.2,1.7,10.1,27.9,0.6,1.2,1.8,0.075,0.5,-0.5,0.0,0.6,,1,0,0
2020,147.0,Myles Turner,24.0,IND,C,47.0,47.0,1455.0,15.3,0.599,0.477,0.329,4.7,18.0,11.4,4.4,1.3,8.8,11.9,16.4,1.1,2.2,3.3,0.11,-1.6,2.0,0.4,0.9,DPOY-9,2,0,0
2020,156.0,Louis Williams,34.0,2TM,PG,66.0,4.0,1423.0,14.0,0.519,0.268,0.268,1.7,8.9,5.4,23.4,1.6,0.4,13.0,25.7,0.5,1.2,1.7,0.056,-1.0,-1.5,-2.5,-0.2,,3,1,1
2020,156.0,Louis Williams,34.0,LAC,PG,42.0,3.0,918.0,15.7,0.529,0.277,0.277,1.9,8.7,5.4,23.3,2.1,0.4,12.0,26.5,0.7,0.9,1.6,0.084,-0.5,-1.0,-1.5,0.1,,3,1,1
2020,156.0,Louis Williams,34.0,ATL,PG,24.0,1.0,505.0,10.8,0.498,0.25,0.25,1.3,9.3,5.4,23.7,0.8,0.3,14.9,24.3,-0.2,0.2,0.0,0.004,-1.8,-2.5,-4.3,-0.3,,3,1,1
2020,185.0,John Wall,30.0,HOU,PG,40.0,40.0,1288.0,15.4,0.503,0.343,0.291,1.3,9.7,5.3,36.2,1.5,2.1,14.7,31.7,-1.0,0.8,-0.2,-0.007,1.2,-1.9,-0.7,0.4,,2,0,0
2020,215.0,Anthony Davis,27.0,LAL,PF,36.0,36.0,1162.0,22.1,0.556,0.163,0.349,6.0,21.5,13.8,16.4,1.9,4.5,9.5,29.2,1.3,2.4,3.7,0.152,2.6,2.2,4.8,2.0,AS,5,1,1
2020,228.0,Larry Nance Jr.,28.0,CLE,PF,35.0,27.0,1091.0,13.2,0.557,0.419,0.18,5.4,19.0,12.1,14.4,2.8,1.4,15.8,13.9,0.5,1.3,1.8,0.08,-1.4,1.8,0.4,0.7,,2,0,0
2020,232.0,Victor Oladipo,28.0,3TM,SG,33.0,33.0,1080.0,14.3,0.512,0.415,0.24,1.2,15.1,8.0,22.8,2.0,1.2,11.5,28.5,-0.6,1.0,0.4,0.017,-0.9,-0.8,-1.7,0.1,,4,1,1
2020,232.0,Victor Oladipo,28.0,IND,SG,9.0,9.0,300.0,15.5,0.535,0.454,0.243,0.4,18.0,9.2,18.7,2.4,0.5,9.7,26.4,0.0,0.3,0.4,0.063,0.0,-0.1,-0.2,0.1,,4,1,1
2020,232.0,Victor Oladipo,28.0,HOU,SG,20.0,20.0,669.0,14.9,0.508,0.402,0.218,1.2,14.5,7.6,25.3,1.7,1.3,10.9,29.8,-0.3,0.5,0.1,0.009,-0.3,-1.0,-1.3,0.1,,4,1,1
2020,232.0,Victor Oladipo,28.0,MIA,SG,4.0,4.0,111.0,8.1,0.471,0.395,0.419,3.1,11.1,7.2,18.9,3.1,1.9,21.6,26.4,-0.3,0.2,-0.1,-0.06,-7.1,-1.6,-8.7,-0.2,,4,1,1
2020,233.0,Gary Harris,26.0,2TM,SG,39.0,38.0,1080.0,9.1,0.511,0.409,0.226,2.1,5.9,4.0,10.3,1.3,1.0,8.9,16.7,0.2,0.6,0.7,0.033,-2.8,-1.3,-4.2,-0.6,,3,0,0
2020,233.0,Gary Harris,26.0,DEN,SG,19.0,19.0,581.0,9.3,0.544,0.481,0.192,2.5,6.6,4.6,7.1,1.4,0.7,7.6,13.8,0.4,0.4,0.8,0.065,-2.2,-0.6,-2.8,-0.1,,3,0,0
2020,233.0,Gary Harris,26.0,ORL,SG,20.0,19.0,499.0,9.0,0.485,0.349,0.254,1.6,5.2,3.3,14.0,1.1,1.3,9.9,20.2,-0.2,0.2,0.0,-0.005,-3.6,-2.2,-5.8,-0.5,,3,0,0
2020,251.0,Cody Zeller,28.0,CHO,C,48.0,21.0,1005.0,18.2,0.599,0.086,0.367,12.6,22.9,17.7,13.2,1.3,1.7,11.9,18.3,2.1,1.1,3.3,0.156,-0.2,-0.2,-0.5,0.4,,4,1,1
2020,260.0,Dwight Powell,29.0,DAL,C,58.0,19.0,966.0,16.8,0.688,0.108,0.639,9.2,17.4,13.3,8.9,1.8,2.9,13.9,13.2,2.6,1.2,3.8,0.188,-0.7,1.3,0.6,0.6,,1,0,0
2020,276.0,Taurean Prince,26.0,2TM,PF,41.0,10.0,905.0,12.1,0.54,0.474,0.232,2.3,15.3,8.8,12.8,1.5,2.3,11.5,19.6,0.2,0.8,1.0,0.052,-1.2,-0.6,-1.8,0.0,,1,0,0
2020,276.0,Taurean Prince,26.0,BRK,PF,12.0,4.0,218.0,11.7,0.565,0.5,0.365,1.1,15.4,8.6,4.3,1.8,3.2,11.4,19.4,0.0,0.2,0.3,0.062,-2.2,0.1,-2.2,0.0,,1,0,0
2020,276.0,Taurean Prince,26.0,CLE,PF,29.0,6.0,687.0,12.2,0.532,0.466,0.194,2.7,15.2,8.8,15.5,1.4,1.9,11.6,19.7,0.2,0.5,0.7,0.049,-0.9,-0.8,-1.7,0.0,,1,0,0
2020,301.0,Eric Gordon,32.0,HOU,SG,27.0,13.0,789.0,14.4,0.577,0.572,0.311,1.0,7.1,3.9,14.6,0.8,1.5,10.9,25.2,0.6,0.2,0.8,0.048,0.7,-1.7,-1.0,0.2,,1,0,0
2020,329.0,LaMarcus Aldridge,35.0,2TM,C,26.0,23.0,674.0,15.7,0.556,0.27,0.159,3.0,15.8,9.4,11.0,0.8,3.7,7.9,22.2,0.5,0.6,1.1,0.08,-0.2,-0.2,-0.3,0.3,,2,1,1
2020,329.0,LaMarcus Aldridge,35.0,SAS,C,21.0,18.0,544.0,15.1,0.545,0.302,0.149,3.3,15.4,9.2,10.2,0.7,2.8,7.0,22.7,0.3,0.5,0.8,0.067,-0.2,-0.7,-0.9,0.2,,2,1,1
2020,329.0,LaMarcus Aldridge,35.0,BRK,C,5.0,5.0,130.0,18.2,0.611,0.104,0.208,1.8,17.8,10.2,14.3,1.1,7.4,11.8,19.9,0.2,0.2,0.4,0.135,0.1,2.1,2.2,0.1,,2,1,1
2020,338.0,Kevin Love,32.0,CLE,PF,25.0,25.0,622.0,15.1,0.556,0.619,0.202,3.0,31.2,16.7,16.0,1.3,0.3,12.2,21.9,0.3,0.6,0.9,0.073,0.9,-0.9,-0.1,0.3,,2,0,0
2020,351.0,Gorgui Dieng,31.0,2TM,C,38.0,1.0,552.0,19.2,0.67,0.429,0.411,7.6,19.5,13.5,12.0,2.3,2.6,14.3,17.4,1.3,0.8,2.1,0.185,1.8,1.5,3.4,0.7,,4,1,1
2020,351.0,Gorgui Dieng,31.0,MEM,C,22.0,1.0,371.0,19.2,0.682,0.444,0.398,7.9,20.2,14.0,10.6,2.2,3.4,14.8,17.0,0.9,0.6,1.5,0.19,1.8,1.6,3.3,0.5,,4,1,1
2020,351.0,Gorgui Dieng,31.0,SAS,C,16.0,0.0,181.0,19.0,0.648,0.4,0.436,6.9,18.0,12.3,15.0,2.4,0.9,13.2,18.2,0.4,0.2,0.7,0.175,2.0,1.5,3.5,0.2,,4,1,1
2020,362.0,Justise Winslow,24.0,MEM,SF,26.0,1.0,507.0,6.2,0.395,0.257,0.167,3.7,21.1,12.3,13.3,1.4,2.1,14.1,21.9,-1.3,0.6,-0.7,-0.066,-6.2,0.2,-6.0,-0.5,,2,1,1
2020,464.0,T.J. Warren,27.0,IND,SF,4.0,4.0,117.0,11.6,0.56,0.137,0.196,1.9,11.1,6.5,6.5,0.8,0.0,6.7,21.6,0.1,0.1,0.1,0.045,-3.6,-1.9,-5.5,-0.1,,3,0,0
2020,494.0,Spencer Dinwiddie,27.0,BRK,SG,3.0,3.0,64.0,10.1,0.536,0.438,0.375,0.0,21.3,11.2,17.6,1.5,1.4,21.2,16.1,0.0,0.1,0.1,0.045,-2.4,2.6,0.2,0.0,,2,0,0
2021,7.0,Russell Westbrook,33.0,LAL,PG,78.0,78.0,2678.0,15.0,0.512,0.215,0.324,4.4,18.8,11.6,31.6,1.3,0.7,17.3,27.3,-0.6,2.3,1.7,0.03,-0.7,-0.9,-1.6,0.2,,4,0,0
2021,13.0,Pascal Siakam,27.0,TOR,PF,68.0,68.0,2578.0,20.3,0.565,0.181,0.314,5.1,20.1,12.2,23.0,1.6,1.6,11.6,25.8,4.9,3.2,8.1,0.151,2.7,0.8,3.5,3.6,NBA3,2,0,0
2021,17.0,Buddy Hield,29.0,2TM,SG,81.0,32.0,2499.0,12.9,0.548,0.652,0.116,2.9,12.8,7.8,13.8,1.4,0.9,11.7,22.4,0.8,1.1,1.9,0.036,0.5,-1.7,-1.2,0.5,,2,0,0
2021,17.0,Buddy Hield,29.0,SAC,SG,55.0,6.0,1574.0,11.9,0.54,0.714,0.133,2.9,12.4,7.6,10.0,1.5,0.8,10.9,22.5,0.0,0.8,0.7,0.023,0.2,-1.5,-1.3,0.3,,2,0,0
2021,17.0,Buddy Hield,29.0,IND,SG,26.0,26.0,925.0,14.5,0.563,0.546,0.086,2.7,13.4,8.0,20.3,1.3,0.9,13.0,22.4,0.8,0.3,1.1,0.059,1.1,-2.2,-1.1,0.2,,2,0,0
2021,19.0,Karl-Anthony Towns,26.0,MIN,C,74.0,74.0,2476.0,24.1,0.64,0.301,0.385,8.2,23.6,15.7,18.0,1.4,3.2,13.7,27.8,7.1,3.2,10.3,0.199,4.5,0.5,5.0,4.4,"AS,NBA3",3,0,0
2021,27.0,James Harden,32.0,2TM,PG,65.0,65.0,2419.0,20.9,0.583,0.452,0.54,2.6,19.7,11.3,40.3,1.7,1.3,18.8,27.2,4.9,2.7,7.6,0.152,3.7,0.3,4.0,3.7,AS,3,0,0
2021,27.0,James Harden,32.0,BRK,PG,44.0,44.0,1627.0,20.4,0.576,0.435,0.496,2.9,20.2,11.7,39.7,1.7,1.7,19.8,28.3,2.6,1.8,4.4,0.13,3.7,0.4,4.1,2.5,,3,0,0
2021,27.0,James Harden,32.0,PHI,PG,21.0,21.0,792.0,21.8,0.601,0.493,0.65,1.9,18.9,10.5,41.4,1.6,0.6,16.4,24.9,2.3,0.9,3.3,0.197,3.8,0.1,3.8,1.2,,3,0,0
2021,30.0,Royce O'Neale,28.0,UTA,SF,77.0,77.0,2406.0,10.3,0.608,0.689,0.126,3.0,13.4,8.4,10.5,1.8,1.2,14.4,9.9,2.7,2.8,5.5,0.109,-0.8,1.7,0.8,1.7,,2,0,0
2021,33.0,Dejounte Murray,25.0,SAS,PG,68.0,68.0,2366.0,22.3,0.533,0.237,0.199,3.5,21.6,12.5,40.6,2.8,0.8,11.8,27.3,3.9,3.4,7.3,0.149,3.7,1.7,5.4,4.4,AS,2,0,0
2021,36.0,Devin Booker,25.0,PHO,SG,68.0,68.0,2345.0,21.3,0.576,0.336,0.255,2.1,13.2,7.8,22.4,1.6,1.0,9.3,32.0,4.3,3.3,7.6,0.156,3.9,0.2,4.1,3.6,"MVP-4,AS,NBA1",3,0,0
2021,41.0,Andrew Wiggins,26.0,GSW,SF,73.0,73.0,2329.0,15.0,0.56,0.392,0.231,4.1,10.9,7.6,10.8,1.6,2.1,9.0,23.1,1.8,3.4,5.1,0.105,0.3,0.1,0.4,1.4,AS,4,0,0
2021,46.0,Joel Embiid,27.0,PHI,C,68.0,68.0,2297.0,31.2,0.616,0.188,0.602,7.2,31.1,19.4,23.5,1.7,3.9,11.3,37.2,7.9,4.1,12.0,0.252,7.2,2.0,9.2,6.5,"MVP-2,AS,NBA2",4,0,0
2021,54.0,Jaylen Brown,25.0,BOS,SF,66.0,66.0,2220.0,18.9,0.574,0.381,0.261,2.6,16.7,9.8,17.9,1.6,0.7,11.6,30.5,2.3,3.4,5.8,0.124,1.9,0.1,2.1,2.2,,2,0,0
2021,69.0,Domantas Sabonis,25.0,2TM,PF,62.0,61.0,2136.0,21.9,0.637,0.162,0.429,10.3,29.0,19.5,23.6,1.3,1.1,17.5,22.3,5.3,1.8,7.1,0.159,3.2,0.9,4.1,3.2,,2,0,0
2021,69.0,Domantas Sabonis,25.0,IND,PF,47.0,46.0,1632.0,22.2,0.649,0.189,0.452,10.4,28.6,19.4,22.2,1.4,1.2,17.3,21.7,4.4,1.3,5.7,0.168,3.6,1.0,4.6,2.7,,2,0,0
2021,69.0,Domantas Sabonis,25.0,SAC,PF,15.0,15.0,504.0,21.0,0.603,0.084,0.366,9.8,30.3,20.0,28.0,1.2,0.9,18.1,24.4,0.9,0.5,1.4,0.132,1.8,0.5,2.3,0.5,,2,0,0
2021,96.0,Spencer Dinwiddie,28.0,2TM,PG,67.0,51.0,1980.0,15.1,0.543,0.449,0.343,2.6,13.0,7.8,25.7,1.1,0.6,10.9,21.4,2.7,1.4,4.1,0.098,0.8,-0.4,0.3,1.1,,3,1,1
2021,96.0,Spencer Dinwiddie,28.0,WAS,PG,44.0,44.0,1330.0,13.2,0.501,0.459,0.291,3.0,14.0,8.6,27.5,1.0,0.4,11.6,21.0,0.9,0.7,1.6,0.058,-0.2,-0.7,-0.9,0.3,,3,1,1
2021,96.0,Spencer Dinwiddie,28.0,DAL,PG,23.0,7.0,650.0,19.0,0.624,0.428,0.449,1.5,10.8,6.2,22.0,1.3,0.8,9.6,22.3,1.8,0.7,2.5,0.182,2.8,0.1,2.9,0.8,,3,1,1
2021,100.0,Robert Covington,31.0,2TM,PF,71.0,42.0,1940.0,12.4,0.572,0.681,0.139,3.3,18.9,11.0,6.8,2.6,4.4,12.4,13.5,0.8,2.4,3.2,0.08,-1.6,1.7,0.2,1.1,,4,1,1
2021,100.0,Robert Covington,31.0,POR,PF,48.0,40.0,1431.0,10.0,0.519,0.685,0.107,3.0,18.6,10.5,6.7,2.5,4.3,14.2,12.4,-0.3,1.4,1.1,0.037,-2.8,1.6,-1.2,0.3,,4,1,1
2021,100.0,Robert Covington,31.0,LAC,PF,23.0,2.0,509.0,19.4,0.677,0.673,0.204,3.9,20.0,12.2,7.0,2.8,4.7,8.8,16.7,1.1,1.0,2.1,0.2,1.9,2.2,4.1,0.8,,4,1,1
2021,129.0,Dwight Powell,30.0,DAL,C,82.0,71.0,1798.0,18.1,0.725,0.092,0.529,10.7,14.3,12.5,8.1,1.0,2.0,11.5,14.0,6.0,2.2,8.2,0.219,0.4,0.5,0.9,1.3,,2,0,0
2021,133.0,Caris LeVert,27.0,2TM,SG,58.0,49.0,1781.0,15.1,0.525,0.3,0.226,2.7,10.7,6.7,22.0,1.4,1.1,10.3,25.4,1.2,1.0,2.2,0.059,0.0,-1.2,-1.2,0.4,,2,0,0
2021,133.0,Caris LeVert,27.0,IND,SG,39.0,39.0,1214.0,16.3,0.53,0.304,0.235,2.7,11.2,6.9,22.8,1.4,1.3,9.9,26.8,1.1,0.4,1.5,0.06,1.0,-1.3,-0.3,0.5,,2,0,0
2021,133.0,Caris LeVert,27.0,CLE,SG,19.0,10.0,567.0,12.4,0.511,0.289,0.203,2.6,9.7,6.2,20.5,1.4,0.8,11.6,22.3,0.1,0.6,0.7,0.057,-2.1,-1.1,-3.1,-0.2,,2,0,0
2021,140.0,Gary Harris,27.0,ORL,SG,61.0,30.0,1730.0,10.9,0.571,0.546,0.172,2.2,5.3,3.7,9.5,1.6,0.5,9.3,16.4,1.1,1.0,2.2,0.06,-2.0,-0.4,-2.4,-0.2,,4,1,1
2021,152.0,Eric Gordon,33.0,HOU,SG,57.0,46.0,1669.0,12.1,0.614,0.534,0.239,1.0,6.5,3.7,14.1,0.8,1.0,14.6,18.6,1.5,-0.1,1.4,0.04,-0.1,-2.2,-2.3,-0.1,,2,0,0
2021,153.0,Kevin Love,33.0,CLE,C,74.0,4.0,1665.0,19.6,0.594,0.627,0.26,5.9,29.2,17.8,15.3,0.8,1.0,10.4,25.1,3.2,2.5,5.7,0.164,4.4,0.1,4.5,2.7,6MOY-2,3,0,0
2021,162.0,Josh Richardson,28.0,2TM,SG,65.0,7.0,1600.0,12.8,0.573,0.461,0.202,2.8,9.4,6.2,10.1,1.7,1.6,10.2,17.6,1.6,2.0,3.5,0.106,-0.6,0.7,0.1,0.9,,4,1,1
2021,162.0,Josh Richardson,28.0,BOS,SG,44.0,0.0,1087.0,12.2,0.57,0.455,0.207,2.7,9.6,6.2,8.7,1.6,1.9,9.4,16.7,1.0,1.5,2.6,0.113,-1.0,1.2,0.3,0.6,,4,1,1
2021,162.0,Josh Richardson,28.0,SAS,SG,21.0,7.0,513.0,14.0,0.577,0.471,0.194,3.2,9.1,6.1,13.0,2.1,1.0,11.5,19.3,0.5,0.4,1.0,0.091,0.1,-0.3,-0.2,0.2,,4,1,1
2021,184.0,Cedi Osman,26.0,CLE,SF,66.0,3.0,1462.0,13.3,0.563,0.628,0.229,1.9,9.0,5.5,14.1,1.8,0.6,9.6,21.1,1.3,1.6,2.9,0.094,-0.3,0.5,0.2,0.8,,2,0,0
2021,186.0,Norman Powell,28.0,2TM,SG,45.0,41.0,1458.0,16.3,0.603,0.418,0.385,1.5,9.7,5.4,10.8,1.4,1.4,8.9,23.1,2.4,0.4,2.8,0.093,1.2,-1.5,-0.3,0.6,,4,1,1
2021,186.0,Norman Powell,28.0,POR,SF,40.0,39.0,1333.0,15.3,0.593,0.423,0.365,1.4,9.8,5.4,10.0,1.5,1.3,9.0,22.5,1.8,0.3,2.1,0.076,0.6,-1.6,-1.0,0.3,,4,1,1
2021,186.0,Norman Powell,28.0,LAC,SG,5.0,2.0,125.0,27.1,0.682,0.381,0.556,2.6,9.1,5.9,19.5,0.8,2.7,8.2,30.0,0.6,0.1,0.7,0.272,7.8,-0.1,7.7,0.3,,4,1,1
2021,204.0,Eric Bledsoe,32.0,LAC,PG,54.0,29.0,1361.0,12.5,0.514,0.348,0.25,2.2,11.6,7.1,24.1,2.5,1.2,18.3,20.5,-0.5,1.8,1.3,0.047,-2.1,1.3,-0.8,0.4,,3,0,0
2021,208.0,Draymond Green,31.0,GSW,PF,46.0,44.0,1329.0,14.3,0.582,0.21,0.354,3.8,23.2,13.8,32.5,2.2,3.6,31.9,14.3,0.8,2.8,3.6,0.131,-1.4,4.6,3.2,1.8,"DPOY-10,AS,DEF2",2,0,0
2021,223.0,Myles Turner,25.0,IND,C,42.0,42.0,1235.0,17.4,0.615,0.466,0.267,5.8,21.3,13.4,5.1,1.1,8.3,10.9,17.1,1.7,1.4,3.1,0.12,0.1,1.4,1.4,1.1,,3,0,0
2021,237.0,Taurean Prince,27.0,MIN,PF,69.0,8.0,1177.0,12.4,0.589,0.587,0.21,2.3,13.8,7.9,8.1,1.9,1.9,11.1,17.0,1.0,1.2,2.2,0.09,-1.0,0.0,-0.9,0.3,,2,1,1
2021,262.0,Larry Nance Jr.,29.0,2TM,PF,46.0,11.0,1040.0,14.4,0.59,0.283,0.231,7.4,19.3,13.1,11.4,2.0,1.9,12.0,12.8,1.5,0.8,2.3,0.104,-0.4,0.3,-0.1,0.5,,3,0,0
2021,262.0,Larry Nance Jr.,29.0,POR,C,37.0,11.0,858.0,14.4,0.581,0.313,0.247,7.2,20.1,13.4,12.5,2.2,1.5,11.0,12.4,1.3,0.6,1.9,0.104,-0.3,0.6,0.3,0.5,,3,0,0
2021,262.0,Larry Nance Jr.,29.0,NOP,PF,9.0,0.0,182.0,14.2,0.628,0.163,0.163,8.3,15.6,11.9,6.4,1.4,3.7,16.0,14.7,0.2,0.2,0.4,0.104,-1.1,-0.8,-1.9,0.0,,3,0,0
2021,302.0,Dillon Brooks,26.0,MEM,SF,32.0,31.0,885.0,15.5,0.515,0.283,0.202,3.4,8.8,6.0,15.4,1.9,0.8,8.0,28.8,0.7,0.9,1.6,0.087,-1.0,-0.8,-1.8,0.0,,2,0,0
2022,6.0,Domantas Sabonis,26.0,SAC,C,79.0,79.0,2736.0,23.5,0.668,0.088,0.467,10.6,30.0,20.3,30.4,1.1,1.2,16.9,21.3,9.6,3.0,12.6,0.221,4.1,1.8,5.8,5.4,"MVP-7,AS,NBA3",3,0,0
2022,10.0,Dejounte Murray,26.0,ATL,SG,74.0,74.0,2693.0,17.0,0.54,0.293,0.144,2.1,13.8,7.9,24.0,2.0,0.6,10.2,24.4,2.4,2.3,4.7,0.084,1.1,0.0,1.0,2.1,,3,0,0
2022,14.0,Pascal Siakam,28.0,TOR,PF,71.0,71.0,2652.0,20.3,0.565,0.219,0.361,5.2,19.6,11.9,24.9,1.2,1.3,10.0,27.2,5.2,2.6,7.8,0.141,3.3,-0.1,3.1,3.4,AS,3,0,0
2022,21.0,Buddy Hield,30.0,IND,SF,80.0,73.0,2482.0,15.4,0.614,0.652,0.124,3.0,14.9,8.9,13.3,1.8,0.9,11.3,20.8,2.7,1.6,4.4,0.085,2.5,-0.6,1.9,2.4,,3,0,0
2022,34.0,Royce O'Neale,29.0,BRK,SF,76.0,53.0,2409.0,9.2,0.538,0.707,0.116,2.6,15.0,9.0,15.3,1.3,1.7,15.5,13.6,0.4,2.5,2.9,0.057,-1.7,0.6,-1.1,0.5,,3,0,0
2022,35.0,Jaylen Brown,26.0,BOS,SF,67.0,67.0,2405.0,19.1,0.581,0.352,0.249,3.6,17.0,10.4,16.5,1.5,0.9,11.4,31.4,1.6,3.4,5.0,0.1,1.5,-0.2,1.3,2.0,"AS,NBA2",3,0,0
2022,52.0,Draymond Green,32.0,GSW,PF,73.0,73.0,2297.0,12.2,0.592,0.276,0.228,3.2,21.6,12.6,27.8,1.5,2.3,28.1,13.2,1.6,3.1,4.7,0.098,-1.8,2.6,0.8,1.6,"DPOY-4,DEF2",3,0,0
2022,54.0,Joel Embiid,28.0,PHI,C,66.0,66.0,2284.0,31.4,0.655,0.151,0.581,5.9,28.3,17.3,22.9,1.4,4.6,11.9,37.0,8.4,3.9,12.3,0.259,6.8,2.3,9.2,6.4,"MVP-1,DPOY-9,CPOY-5,AS,NBA1",5,1,1
2022,65.0,Caris LeVert,28.0,CLE,SG,74.0,30.0,2237.0,12.4,0.546,0.437,0.243,2.8,12.1,7.4,18.0,1.6,1.0,12.4,18.7,1.4,3.1,4.4,0.095,-1.0,0.8,-0.2,1.0,,3,1,1
2022,69.0,Dillon Brooks,27.0,MEM,SF,73.0,73.0,2214.0,9.4,0.494,0.443,0.155,2.2,9.5,5.8,11.7,1.4,0.7,8.9,21.8,-0.8,2.4,1.6,0.034,-3.4,-0.5,-3.9,-1.1,DEF2,3,1,1
2022,80.0,James Harden,33.0,PHI,PG,58.0,58.0,2135.0,21.6,0.607,0.496,0.429,2.3,17.1,9.8,43.3,1.6,1.4,16.3,25.0,5.8,2.6,8.4,0.188,5.1,0.3,5.4,4.0,,4,1,1
2022,81.0,Jamal Murray,25.0,DEN,PG,65.0,65.0,2133.0,18.0,0.571,0.415,0.207,2.7,11.0,6.9,27.5,1.5,0.7,11.3,26.1,3.3,1.9,5.1,0.116,2.6,-1.3,1.3,1.8,,3,0,0
2022,85.0,Russell Westbrook,34.0,2TM,PG,73.0,24.0,2126.0,16.1,0.513,0.289,0.317,4.7,16.5,10.8,38.6,1.7,1.3,18.4,27.7,-0.6,2.6,1.9,0.044,0.3,-0.1,0.2,1.2,6MOY-9,5,1,1
2022,85.0,Russell Westbrook,34.0,LAL,PG,52.0,3.0,1491.0,15.3,0.496,0.292,0.326,4.4,18.2,11.5,38.5,1.7,1.3,18.1,28.8,-1.2,1.9,0.7,0.023,-0.2,0.1,-0.1,0.7,,5,1,1
2022,85.0,Russell Westbrook,34.0,LAC,PG,21.0,21.0,635.0,17.8,0.562,0.279,0.29,5.4,12.6,9.0,38.9,1.8,1.4,19.4,25.2,0.6,0.7,1.2,0.092,1.6,-0.8,0.8,0.5,,5,1,1
2022,111.0,Eric Gordon,34.0,2TM,SG,69.0,58.0,1965.0,11.8,0.587,0.545,0.265,0.9,6.7,3.8,13.4,1.1,1.2,12.5,17.8,1.8,0.5,2.3,0.056,-0.5,-1.4,-1.9,0.1,,3,0,0
2022,111.0,Eric Gordon,34.0,HOU,SG,47.0,47.0,1418.0,11.4,0.572,0.513,0.282,0.9,6.7,3.8,13.8,1.0,1.2,13.4,18.1,1.0,0.1,1.1,0.037,-0.9,-1.7,-2.6,-0.2,,3,0,0
2022,111.0,Eric Gordon,34.0,LAC,SG,22.0,11.0,547.0,13.1,0.629,0.634,0.217,0.8,6.7,3.8,12.2,1.2,1.3,9.9,17.0,0.8,0.4,1.2,0.105,0.5,-0.5,0.0,0.3,,3,0,0
2022,138.0,Devin Booker,26.0,PHO,SG,53.0,53.0,1835.0,22.0,0.601,0.296,0.336,2.7,12.0,7.2,27.3,1.4,0.9,10.6,31.8,4.2,1.9,6.0,0.157,4.5,-0.3,4.2,2.9,,4,0,0
2022,140.0,Myles Turner,26.0,IND,C,62.0,62.0,1825.0,20.0,0.651,0.34,0.377,5.4,22.9,14.2,7.5,0.9,6.6,10.8,22.0,3.4,2.0,5.4,0.142,1.4,0.7,2.1,1.9,,4,1,1
2022,179.0,Cedi Osman,27.0,CLE,SF,77.0,2.0,1548.0,12.0,0.579,0.589,0.204,1.9,11.5,6.7,10.6,1.1,0.7,8.3,18.2,1.4,1.9,3.3,0.103,-0.8,0.2,-0.7,0.5,,3,0,0
2022,193.0,Dwight Powell,31.0,DAL,C,76.0,64.0,1458.0,15.5,0.738,0.019,0.625,11.8,13.3,12.5,6.9,1.6,1.6,15.9,12.6,3.8,1.3,5.1,0.168,-1.2,0.0,-1.2,0.3,,3,1,1
2022,205.0,Larry Nance Jr.,30.0,NOP,C,65.0,1.0,1381.0,16.0,0.649,0.138,0.259,8.7,20.3,14.5,11.7,2.0,2.6,11.0,11.9,2.8,2.1,4.9,0.171,0.0,2.0,2.0,1.4,,4,1,1
2022,223.0,Kevin Love,34.0,2TM,PF,62.0,20.0,1240.0,13.1,0.548,0.698,0.215,5.5,32.6,18.9,13.2,0.6,0.9,13.1,19.2,0.6,2.0,2.6,0.099,0.2,0.4,0.6,0.8,,4,1,1
2022,223.0,Kevin Love,34.0,CLE,PF,41.0,3.0,821.0,13.6,0.555,0.684,0.221,6.0,34.2,20.1,12.8,0.4,0.8,13.1,19.6,0.5,1.4,1.9,0.112,0.8,0.6,1.4,0.7,,4,1,1
2022,223.0,Kevin Love,34.0,MIA,PF,21.0,17.0,419.0,12.3,0.535,0.727,0.201,4.6,29.6,16.6,14.0,1.1,1.2,13.2,18.5,0.1,0.6,0.7,0.075,-1.0,-0.1,-1.1,0.1,,4,1,1
2022,235.0,Andrew Wiggins,27.0,GSW,SF,37.0,37.0,1190.0,14.7,0.564,0.425,0.136,5.7,11.3,8.6,10.5,1.8,2.1,7.9,21.5,1.0,1.3,2.3,0.091,-0.1,-0.4,-0.5,0.5,,5,1,1
2022,251.0,Ben Simmons,26.0,BRK,PG,42.0,33.0,1105.0,13.4,0.559,0.009,0.243,4.2,22.2,13.4,31.3,2.4,1.9,27.2,14.3,0.5,1.7,2.2,0.097,-2.2,2.6,0.4,0.7,,3,0,0
2022,275.0,Karl-Anthony Towns,27.0,MIN,PF,29.0,29.0,957.0,18.8,0.618,0.383,0.315,5.7,21.6,13.8,22.0,1.0,1.5,15.0,25.6,1.5,1.1,2.7,0.133,2.1,0.9,3.0,1.2,,4,0,0
2022,324.0,John Wall,32.0,LAC,PG,34.0,3.0,755.0,13.6,0.498,0.322,0.334,2.1,11.4,6.8,35.3,1.8,1.4,17.1,27.0,-0.4,0.7,0.3,0.02,-0.8,-0.4,-1.2,0.1,,4,1,1
2023,2.0,Domantas Sabonis,27.0,SAC,C,82.0,82.0,2928.0,23.2,0.637,0.081,0.389,11.0,32.3,21.4,33.9,1.2,1.5,17.9,22.2,8.6,4.0,12.6,0.206,4.0,2.4,6.5,6.2,"MVP-8,DPOY-10,NBA3",4,1,1
2023,7.0,Dejounte Murray,27.0,ATL,SG,78.0,78.0,2783.0,17.7,0.555,0.379,0.179,2.3,14.4,8.1,27.9,1.9,0.8,11.3,26.6,3.3,1.6,4.9,0.084,2.3,-0.6,1.7,2.6,,4,1,1
2023,15.0,Pascal Siakam,29.0,2TM,PF,80.0,80.0,2657.0,19.7,0.601,0.194,0.312,5.8,18.1,11.9,19.4,1.1,0.8,8.9,25.3,5.4,1.5,6.9,0.124,2.6,-0.7,1.9,2.7,,4,1,1
2023,15.0,Pascal Siakam,29.0,TOR,PF,39.0,39.0,1354.0,18.8,0.6,0.233,0.358,4.3,15.9,10.0,22.1,1.1,0.7,10.3,25.3,2.4,0.6,3.0,0.106,2.2,-0.8,1.4,1.2,,4,1,1
2023,15.0,Pascal Siakam,29.0,IND,PF,41.0,41.0,1303.0,20.7,0.602,0.156,0.267,7.4,20.3,13.9,16.5,1.1,0.9,7.4,25.2,3.0,0.9,3.9,0.143,3.0,-0.5,2.5,1.5,,4,1,1
2023,35.0,Devin Booker,27.0,PHO,PG,68.0,68.0,2447.0,21.9,0.611,0.32,0.35,2.7,11.1,7.1,31.2,1.2,1.0,10.6,29.8,7.2,2.0,9.2,0.181,4.0,-1.0,3.0,3.1,"AS,NBA3",5,1,1
2023,50.0,Jaylen Brown,27.0,BOS,SF,70.0,70.0,2343.0,18.6,0.58,0.326,0.239,4.0,13.4,8.9,16.6,1.8,1.4,10.7,28.9,2.7,3.2,5.9,0.121,0.9,-0.1,0.7,1.6,AS,4,1,1
2023,72.0,Buddy Hield,31.0,2TM,SF,84.0,42.0,2160.0,13.3,0.578,0.668,0.069,3.1,10.9,7.0,14.5,1.6,1.6,10.5,19.2,1.9,1.6,3.5,0.077,1.0,-0.6,0.4,1.3,,4,1,1
2023,72.0,Buddy Hield,31.0,IND,SF,52.0,28.0,1336.0,13.1,0.586,0.691,0.064,2.9,11.3,7.1,12.9,1.5,1.8,10.4,18.6,1.2,0.8,2.0,0.07,1.0,-0.8,0.2,0.7,,4,1,1
2023,72.0,Buddy Hield,31.0,PHI,SG,32.0,14.0,824.0,13.6,0.566,0.634,0.078,3.6,10.2,6.8,17.1,1.6,1.2,10.6,20.2,0.7,0.8,1.5,0.088,1.0,-0.3,0.8,0.6,,4,1,1
2023,100.0,Karl-Anthony Towns,28.0,MIN,PF,62.0,62.0,2026.0,18.8,0.625,0.344,0.307,5.5,22.6,14.4,15.1,1.0,1.8,14.1,27.4,2.6,3.6,6.3,0.148,1.6,0.9,2.5,2.3,AS,5,1,1
2023,112.0,Royce O'Neale,30.0,2TM,SF,79.0,14.0,1954.0,11.1,0.548,0.783,0.065,3.4,17.9,10.7,15.0,1.5,2.0,11.6,13.9,1.3,2.1,3.4,0.085,-1.0,1.0,0.0,1.0,,4,1,1
2023,112.0,Royce O'Neale,30.0,BRK,SF,49.0,6.0,1202.0,10.4,0.544,0.815,0.068,3.4,17.1,10.1,15.5,1.3,2.2,13.2,13.9,0.6,1.2,1.8,0.07,-1.6,0.8,-0.7,0.4,,4,1,1
2023,112.0,Royce O'Neale,30.0,PHO,SF,30.0,8.0,752.0,12.3,0.555,0.734,0.061,3.5,19.2,11.7,14.3,1.8,1.8,9.1,13.9,0.8,0.9,1.7,0.108,-0.2,1.4,1.3,0.6,,4,1,1
2023,125.0,Eric Gordon,35.0,PHO,SG,68.0,24.0,1893.0,10.8,0.58,0.642,0.104,1.0,6.0,3.6,10.0,1.7,1.4,10.2,16.5,1.0,1.5,2.5,0.063,-1.3,-0.5,-1.7,0.1,,4,1,1
2023,132.0,Jamal Murray,26.0,DEN,PG,59.0,59.0,1861.0,20.7,0.586,0.346,0.187,2.6,11.6,7.2,31.2,1.5,1.8,10.5,27.9,3.8,2.1,5.9,0.153,4.5,-0.4,4.1,2.9,,4,0,0
2023,187.0,Draymond Green,33.0,GSW,PF,55.0,52.0,1490.0,14.5,0.587,0.347,0.199,5.6,23.0,14.4,28.6,1.8,2.9,25.0,15.3,1.4,2.2,3.6,0.116,-0.6,3.0,2.4,1.6,,4,1,1
2023,218.0,Cedi Osman,28.0,SAS,SF,72.0,3.0,1269.0,11.2,0.601,0.576,0.135,2.1,13.3,7.7,13.0,1.3,0.7,10.4,15.1,1.0,0.9,1.9,0.071,-1.7,-0.3,-2.1,0.0,,4,1,1
2023,398.0,Ben Simmons,27.0,BRK,PG,15.0,12.0,359.0,16.3,0.571,0.0,0.203,9.2,27.6,18.1,33.2,1.7,2.3,25.1,13.0,0.5,0.5,1.0,0.133,-0.5,2.9,2.4,0.4,,4,0,0
2024,34.0,Jamal Murray,27.0,DEN,PG,67.0,67.0,2418.0,17.8,0.584,0.354,0.219,2.2,9.3,5.9,23.2,1.8,1.2,10.1,24.0,4.6,1.6,6.2,0.123,1.8,-1.0,0.8,1.7,,5,1,1
2024,252.0,Ben Simmons,28.0,2TM,PG,51.0,24.0,1120.0,12.4,0.539,0.0,0.148,4.6,20.3,12.2,37.0,1.7,2.0,30.0,13.2,0.5,1.3,1.8,0.078,-2.3,1.8,-0.5,0.4,,5,1,1
2024,252.0,Ben Simmons,28.0,BRK,PG,33.0,24.0,825.0,12.6,0.562,0.0,0.153,3.9,20.5,11.8,41.6,1.6,1.9,32.7,14.3,0.3,0.9,1.1,0.065,-2.4,1.4,-1.0,0.2,,5,1,1
2024,252.0,Ben Simmons,28.0,LAC,PG,18.0,0.0,295.0,11.9,0.464,0.0,0.132,6.6,19.7,13.2,24.3,2.0,2.4,20.0,10.4,0.2,0.5,0.7,0.116,-1.9,2.7,0.9,0.2,,5,1,1
