Season,Rank,Player,Age,Team,Pos,G,GS,MP,FG,FGA,FG%,3P,3PA,3P%,2P,2PA,2P%,eFG%,FT,FTA,FT%,ORB,DRB,TRB,AST,STL,BLK,TOV,PF,PTS,Trp-Dbl,Honors,Contract Age
2011,1.0,Kevin Durant,23.0,OKC,SF,66.0,66.0,2546.0,643.0,1297.0,0.496,133.0,344.0,0.387,510.0,953.0,0.535,0.547,431.0,501.0,0.86,40.0,487.0,527.0,231.0,88.0,77.0,248.0,133.0,1850.0,0.0,"MVP-2,AS,NBA1",1
2011,3.0,Kobe Bryant,33.0,LAL,SG,58.0,58.0,2232.0,574.0,1336.0,0.43,87.0,287.0,0.303,487.0,1049.0,0.464,0.462,381.0,451.0,0.845,66.0,247.0,313.0,264.0,69.0,18.0,204.0,105.0,1616.0,0.0,"MVP-4,AS,NBA1,DEF2",1
2011,21.0,Pau Gasol,31.0,LAL,PF,65.0,65.0,2430.0,459.0,917.0,0.501,7.0,27.0,0.259,452.0,890.0,0.508,0.504,204.0,261.0,0.782,183.0,495.0,678.0,237.0,37.0,88.0,142.0,127.0,1129.0,1.0,,1
2011,26.0,Tony Parker,29.0,SAS,PG,60.0,60.0,1923.0,427.0,890.0,0.48,14.0,61.0,0.23,413.0,829.0,0.498,0.488,227.0,284.0,0.799,22.0,149.0,171.0,463.0,57.0,5.0,153.0,75.0,1095.0,0.0,"MVP-5,AS,NBA2",1
2011,64.0,Jared Dudley,26.0,PHO,SG,65.0,60.0,2020.0,312.0,643.0,0.485,80.0,209.0,0.383,232.0,434.0,0.535,0.547,119.0,164.0,0.726,95.0,206.0,301.0,112.0,49.0,19.0,72.0,107.0,823.0,0.0,,1
2011,73.0,Mike Conley,24.0,MEM,PG,62.0,61.0,2174.0,296.0,684.0,0.433,60.0,159.0,0.377,236.0,525.0,0.45,0.477,136.0,158.0,0.861,22.0,134.0,156.0,404.0,136.0,11.0,125.0,133.0,788.0,0.0,DPOY-14,1
2011,106.0,Joakim Noah,26.0,CHI,C,64.0,64.0,1945.0,249.0,490.0,0.508,0.0,1.0,0.0,249.0,489.0,0.509,0.508,154.0,206.0,0.748,242.0,387.0,629.0,160.0,41.0,92.0,92.0,162.0,652.0,1.0,DPOY-11,1
2011,229.0,Zach Randolph,30.0,MEM,PF,28.0,8.0,735.0,132.0,285.0,0.463,2.0,8.0,0.25,130.0,277.0,0.469,0.467,58.0,88.0,0.659,78.0,147.0,225.0,48.0,21.0,4.0,40.0,57.0,324.0,0.0,6MOY-11,1
2011,250.0,Nick Collison,31.0,OKC,PF,63.0,0.0,1307.0,120.0,201.0,0.597,0.0,1.0,0.0,120.0,200.0,0.6,0.597,44.0,62.0,0.71,119.0,155.0,274.0,82.0,33.0,28.0,61.0,153.0,284.0,0.0,,1
2011,313.0,Nazr Mohammed,34.0,OKC,C,63.0,1.0,692.0,79.0,169.0,0.467,0.0,1.0,0.0,79.0,168.0,0.47,0.467,13.0,23.0,0.565,59.0,111.0,170.0,14.0,20.0,37.0,26.0,101.0,171.0,0.0,,1
2011,336.0,Al Horford,25.0,ATL,C,11.0,11.0,348.0,57.0,103.0,0.553,0.0,1.0,0.0,57.0,102.0,0.559,0.553,22.0,30.0,0.733,26.0,51.0,77.0,24.0,10.0,14.0,16.0,21.0,136.0,0.0,,1
2012,1.0,Kevin Durant,24.0,OKC,SF,81.0,81.0,3119.0,731.0,1433.0,0.51,139.0,334.0,0.416,592.0,1099.0,0.539,0.559,679.0,750.0,0.905,46.0,594.0,640.0,374.0,116.0,105.0,280.0,143.0,2280.0,3.0,"MVP-2,AS,NBA1",2
2012,2.0,Kobe Bryant,34.0,LAL,SG,78.0,78.0,3013.0,738.0,1595.0,0.463,132.0,407.0,0.324,606.0,1188.0,0.51,0.504,525.0,626.0,0.839,66.0,367.0,433.0,469.0,106.0,25.0,287.0,173.0,2133.0,2.0,"MVP-5,AS,NBA1",2
2012,5.0,Carmelo Anthony,28.0,NYK,PF,67.0,67.0,2482.0,669.0,1489.0,0.449,157.0,414.0,0.379,512.0,1075.0,0.476,0.502,425.0,512.0,0.83,134.0,326.0,460.0,171.0,52.0,32.0,175.0,205.0,1920.0,0.0,"MVP-3,AS,NBA2",1
2012,6.0,Russell Westbrook,24.0,OKC,PG,82.0,82.0,2861.0,673.0,1535.0,0.438,97.0,300.0,0.323,576.0,1235.0,0.466,0.47,460.0,575.0,0.8,111.0,317.0,428.0,607.0,145.0,24.0,273.0,189.0,1903.0,1.0,"MVP-9,DPOY-17,AS,NBA2",1
2012,26.0,Tony Parker,30.0,SAS,PG,66.0,66.0,2174.0,519.0,995.0,0.522,24.0,68.0,0.353,495.0,927.0,0.534,0.534,279.0,330.0,0.845,18.0,180.0,198.0,499.0,54.0,6.0,170.0,92.0,1341.0,1.0,"MVP-6,AS,NBA2",2
2012,32.0,Al Horford,26.0,ATL,C,74.0,74.0,2756.0,576.0,1060.0,0.543,3.0,6.0,0.5,573.0,1054.0,0.544,0.545,134.0,208.0,0.644,195.0,562.0,757.0,240.0,78.0,78.0,147.0,163.0,1289.0,0.0,,2
2012,45.0,Zach Randolph,31.0,MEM,PF,76.0,75.0,2607.0,471.0,1024.0,0.46,2.0,23.0,0.087,469.0,1001.0,0.469,0.461,225.0,300.0,0.75,310.0,544.0,854.0,108.0,61.0,31.0,150.0,180.0,1169.0,0.0,AS,2
2012,46.0,Mike Conley,25.0,MEM,PG,80.0,80.0,2757.0,414.0,940.0,0.44,106.0,293.0,0.362,308.0,647.0,0.476,0.497,234.0,282.0,0.83,43.0,182.0,225.0,487.0,174.0,24.0,189.0,171.0,1168.0,0.0,"DPOY-21,DEF2",2
2012,48.0,Danilo Gallinari,24.0,DEN,SF,71.0,71.0,2309.0,364.0,871.0,0.418,135.0,362.0,0.373,229.0,509.0,0.45,0.495,286.0,348.0,0.822,65.0,302.0,367.0,176.0,64.0,36.0,111.0,130.0,1149.0,0.0,,1
2012,102.0,Jared Dudley,27.0,PHO,SF,79.0,50.0,2170.0,313.0,669.0,0.468,106.0,271.0,0.391,207.0,398.0,0.52,0.547,129.0,162.0,0.796,79.0,166.0,245.0,203.0,75.0,8.0,101.0,128.0,861.0,0.0,,2
2012,124.0,Joakim Noah,27.0,CHI,C,66.0,64.0,2426.0,303.0,630.0,0.481,0.0,5.0,0.0,303.0,625.0,0.485,0.481,178.0,237.0,0.751,260.0,473.0,733.0,262.0,78.0,141.0,176.0,185.0,784.0,2.0,"MVP-12,DPOY-4,AS,DEF1",2
2012,156.0,Pau Gasol,32.0,LAL,PF,49.0,42.0,1655.0,270.0,579.0,0.466,8.0,28.0,0.286,262.0,551.0,0.475,0.473,125.0,178.0,0.702,111.0,310.0,421.0,200.0,24.0,61.0,104.0,93.0,673.0,2.0,,2
2012,162.0,Kosta Koufos,23.0,DEN,C,81.0,81.0,1817.0,295.0,508.0,0.581,0.0,1.0,0.0,295.0,507.0,0.582,0.581,58.0,104.0,0.558,211.0,351.0,562.0,32.0,44.0,103.0,53.0,246.0,648.0,0.0,,1
2012,231.0,Nick Collison,32.0,OKC,C,81.0,2.0,1583.0,176.0,296.0,0.595,0.0,4.0,0.0,176.0,292.0,0.603,0.595,60.0,78.0,0.769,123.0,210.0,333.0,121.0,51.0,30.0,69.0,197.0,412.0,0.0,,2
2012,260.0,Kevin Love,24.0,MIN,PF,18.0,18.0,618.0,105.0,298.0,0.352,20.0,92.0,0.217,85.0,206.0,0.413,0.386,100.0,142.0,0.704,64.0,188.0,252.0,42.0,13.0,9.0,39.0,34.0,330.0,0.0,,1
2013,1.0,Kevin Durant,25.0,OKC,SF,81.0,81.0,3122.0,849.0,1688.0,0.503,192.0,491.0,0.391,657.0,1197.0,0.549,0.56,703.0,805.0,0.873,58.0,540.0,598.0,445.0,103.0,59.0,285.0,174.0,2593.0,3.0,"MVP-1,AS,NBA1",3
2013,2.0,Carmelo Anthony,29.0,NYK,PF,77.0,77.0,2982.0,743.0,1643.0,0.452,167.0,415.0,0.402,576.0,1228.0,0.469,0.503,459.0,541.0,0.848,145.0,477.0,622.0,242.0,95.0,51.0,198.0,224.0,2112.0,0.0,"MVP-15,AS",2
2013,4.0,Kevin Love,25.0,MIN,PF,77.0,77.0,2797.0,650.0,1421.0,0.457,190.0,505.0,0.376,460.0,916.0,0.502,0.524,520.0,633.0,0.821,224.0,739.0,963.0,341.0,59.0,35.0,196.0,136.0,2010.0,3.0,"MVP-11,AS,NBA2",2
2013,5.0,Blake Griffin,24.0,LAC,PF,80.0,80.0,2863.0,718.0,1359.0,0.528,12.0,44.0,0.273,706.0,1315.0,0.537,0.533,482.0,674.0,0.715,192.0,565.0,757.0,309.0,92.0,51.0,224.0,265.0,1930.0,1.0,"MVP-3,AS,NBA2",1
2013,6.0,Stephen Curry,25.0,GSW,PG,78.0,78.0,2846.0,652.0,1383.0,0.471,261.0,615.0,0.424,391.0,768.0,0.509,0.566,308.0,348.0,0.885,46.0,288.0,334.0,666.0,128.0,14.0,294.0,194.0,1873.0,4.0,"MVP-6,AS,NBA2",1
2013,7.0,James Harden,24.0,HOU,SG,73.0,73.0,2777.0,549.0,1205.0,0.456,177.0,483.0,0.366,372.0,722.0,0.515,0.529,576.0,665.0,0.866,61.0,283.0,344.0,446.0,115.0,29.0,265.0,177.0,1851.0,1.0,"MVP-5,AS,NBA1",1
2013,8.0,DeMar DeRozan,24.0,TOR,SG,79.0,79.0,3017.0,604.0,1407.0,0.429,64.0,210.0,0.305,540.0,1197.0,0.451,0.452,519.0,630.0,0.824,51.0,292.0,343.0,313.0,86.0,28.0,176.0,197.0,1791.0,0.0,AS,1
2013,26.0,Zach Randolph,32.0,MEM,PF,79.0,79.0,2705.0,560.0,1198.0,0.467,2.0,20.0,0.1,558.0,1178.0,0.474,0.468,250.0,337.0,0.742,265.0,530.0,795.0,200.0,54.0,23.0,183.0,210.0,1372.0,0.0,,3
2013,32.0,Dwight Howard,28.0,HOU,C,71.0,71.0,2396.0,473.0,800.0,0.591,2.0,7.0,0.286,471.0,793.0,0.594,0.593,349.0,638.0,0.547,231.0,635.0,866.0,131.0,60.0,128.0,229.0,240.0,1297.0,0.0,"DPOY-8,AS,NBA2",1
2013,40.0,Mike Conley,26.0,MEM,PG,73.0,73.0,2446.0,463.0,1030.0,0.45,105.0,291.0,0.361,358.0,739.0,0.484,0.5,225.0,276.0,0.815,41.0,172.0,213.0,441.0,110.0,13.0,150.0,141.0,1256.0,0.0,MVP-17,3
2013,46.0,Serge Ibaka,24.0,OKC,PF,81.0,81.0,2666.0,524.0,978.0,0.536,23.0,60.0,0.383,501.0,918.0,0.546,0.548,156.0,199.0,0.784,224.0,485.0,709.0,85.0,39.0,219.0,123.0,233.0,1227.0,0.0,"DPOY-4,DEF1",1
2013,49.0,Chris Paul,28.0,LAC,PG,62.0,62.0,2171.0,406.0,870.0,0.467,78.0,212.0,0.368,328.0,658.0,0.498,0.511,295.0,345.0,0.855,38.0,230.0,268.0,663.0,154.0,4.0,145.0,157.0,1185.0,0.0,"MVP-7,DPOY-13,AS,NBA1,DEF1",1
2013,52.0,Tony Parker,31.0,SAS,PG,68.0,68.0,1997.0,456.0,914.0,0.499,25.0,67.0,0.373,431.0,847.0,0.509,0.513,197.0,243.0,0.811,17.0,138.0,155.0,388.0,36.0,9.0,151.0,86.0,1134.0,0.0,"MVP-12,AS,NBA2",3
2013,62.0,Ty Lawson,26.0,DEN,PG,62.0,61.0,2222.0,347.0,806.0,0.431,72.0,202.0,0.356,275.0,604.0,0.455,0.475,324.0,406.0,0.798,40.0,175.0,215.0,543.0,100.0,10.0,200.0,113.0,1090.0,0.0,,1
2013,68.0,Taj Gibson,28.0,CHI,PF,82.0,8.0,2351.0,429.0,896.0,0.479,0.0,7.0,0.0,429.0,889.0,0.483,0.479,211.0,281.0,0.751,200.0,358.0,558.0,91.0,41.0,112.0,150.0,207.0,1069.0,0.0,6MOY-2,1
2013,75.0,Pau Gasol,33.0,LAL,C,60.0,60.0,1884.0,425.0,885.0,0.48,4.0,14.0,0.286,421.0,871.0,0.483,0.482,187.0,254.0,0.736,124.0,456.0,580.0,201.0,27.0,92.0,141.0,124.0,1041.0,0.0,,3
2013,81.0,Joakim Noah,28.0,CHI,C,80.0,80.0,2820.0,380.0,800.0,0.475,0.0,2.0,0.0,380.0,798.0,0.476,0.475,247.0,335.0,0.737,282.0,618.0,900.0,431.0,99.0,121.0,194.0,245.0,1007.0,4.0,"MVP-4,DPOY-1,AS,NBA1,DEF1",3
2013,82.0,Russell Westbrook,25.0,OKC,PG,46.0,46.0,1412.0,346.0,791.0,0.437,68.0,214.0,0.318,278.0,577.0,0.482,0.48,242.0,293.0,0.826,55.0,208.0,263.0,319.0,88.0,7.0,177.0,104.0,1002.0,2.0,,2
2013,190.0,Al Horford,27.0,ATL,C,29.0,29.0,958.0,238.0,420.0,0.567,4.0,11.0,0.364,234.0,409.0,0.572,0.571,58.0,85.0,0.682,66.0,178.0,244.0,76.0,27.0,44.0,64.0,56.0,538.0,0.0,,3
2013,198.0,Kosta Koufos,24.0,MEM,C,80.0,22.0,1349.0,227.0,459.0,0.495,0.0,0.0,,227.0,459.0,0.495,0.495,60.0,93.0,0.645,160.0,258.0,418.0,39.0,32.0,71.0,67.0,182.0,514.0,0.0,,2
2013,199.0,Jared Dudley,28.0,LAC,SF,74.0,43.0,1729.0,196.0,447.0,0.438,81.0,225.0,0.36,115.0,222.0,0.518,0.529,38.0,58.0,0.655,36.0,124.0,160.0,104.0,41.0,10.0,56.0,146.0,511.0,0.0,,3
2013,212.0,Jrue Holiday,23.0,NOP,PG,34.0,34.0,1143.0,203.0,454.0,0.447,30.0,77.0,0.39,173.0,377.0,0.459,0.48,51.0,63.0,0.81,28.0,114.0,142.0,268.0,56.0,12.0,105.0,92.0,487.0,0.0,,1
2013,266.0,Nick Collison,33.0,OKC,PF,81.0,0.0,1353.0,134.0,241.0,0.556,4.0,17.0,0.235,130.0,224.0,0.58,0.564,66.0,93.0,0.71,116.0,177.0,293.0,104.0,30.0,28.0,71.0,187.0,338.0,0.0,,3
2013,338.0,Derrick Rose,25.0,CHI,PG,10.0,10.0,311.0,58.0,164.0,0.354,16.0,47.0,0.34,42.0,117.0,0.359,0.402,27.0,32.0,0.844,9.0,23.0,32.0,43.0,5.0,1.0,34.0,15.0,159.0,0.0,,2
2013,384.0,Kobe Bryant,35.0,LAL,SG,6.0,6.0,177.0,31.0,73.0,0.425,3.0,16.0,0.188,28.0,57.0,0.491,0.445,18.0,21.0,0.857,2.0,24.0,26.0,38.0,7.0,1.0,34.0,9.0,83.0,0.0,AS,3
2014,1.0,James Harden,25.0,HOU,SG,81.0,81.0,2981.0,647.0,1470.0,0.44,208.0,555.0,0.375,439.0,915.0,0.48,0.511,715.0,824.0,0.868,75.0,384.0,459.0,565.0,154.0,60.0,321.0,208.0,2217.0,4.0,"MVP-2,AS,NBA1",2
2014,2.0,Stephen Curry,26.0,GSW,PG,80.0,80.0,2613.0,653.0,1341.0,0.487,286.0,646.0,0.443,367.0,695.0,0.528,0.594,308.0,337.0,0.914,56.0,285.0,341.0,619.0,163.0,16.0,249.0,158.0,1900.0,0.0,"MVP-1,AS,NBA1",2
2014,3.0,Russell Westbrook,26.0,OKC,PG,67.0,67.0,2302.0,627.0,1471.0,0.426,86.0,288.0,0.299,541.0,1183.0,0.457,0.455,546.0,654.0,0.835,124.0,364.0,488.0,574.0,140.0,14.0,293.0,184.0,1886.0,11.0,"MVP-4,AS,NBA2",3
2014,10.0,Chris Paul,29.0,LAC,PG,82.0,82.0,2857.0,568.0,1170.0,0.485,139.0,349.0,0.398,429.0,821.0,0.523,0.545,289.0,321.0,0.9,52.0,324.0,376.0,838.0,156.0,15.0,190.0,203.0,1564.0,1.0,"MVP-6,DPOY-15,AS,NBA2,DEF1",2
2014,12.0,Blake Griffin,25.0,LAC,PF,67.0,67.0,2356.0,574.0,1144.0,0.502,10.0,25.0,0.4,564.0,1119.0,0.504,0.506,311.0,427.0,0.728,126.0,382.0,508.0,354.0,63.0,35.0,152.0,196.0,1469.0,0.0,"MVP-8,AS,NBA3",2
2014,17.0,DeMarcus Cousins,24.0,SAC,C,59.0,59.0,2013.0,498.0,1066.0,0.467,2.0,8.0,0.25,496.0,1058.0,0.469,0.468,423.0,541.0,0.782,185.0,562.0,747.0,210.0,90.0,103.0,254.0,241.0,1421.0,2.0,"AS,NBA2",1
2014,19.0,John Wall,24.0,WAS,PG,79.0,79.0,2837.0,519.0,1166.0,0.445,65.0,217.0,0.3,454.0,949.0,0.478,0.473,284.0,362.0,0.785,36.0,330.0,366.0,792.0,138.0,45.0,304.0,180.0,1387.0,0.0,"AS,DEF2",1
2014,21.0,Eric Bledsoe,25.0,PHO,PG,81.0,81.0,2800.0,468.0,1046.0,0.447,88.0,272.0,0.324,380.0,774.0,0.491,0.489,353.0,441.0,0.8,72.0,351.0,423.0,493.0,127.0,45.0,274.0,189.0,1377.0,2.0,,1
2014,33.0,Kevin Love,26.0,CLE,PF,75.0,75.0,2532.0,413.0,952.0,0.434,144.0,392.0,0.367,269.0,560.0,0.48,0.509,258.0,321.0,0.804,142.0,589.0,731.0,168.0,51.0,39.0,122.0,140.0,1228.0,0.0,,3
2014,35.0,DeMar DeRozan,25.0,TOR,SG,60.0,60.0,2100.0,409.0,990.0,0.413,25.0,88.0,0.284,384.0,902.0,0.426,0.426,361.0,434.0,0.832,41.0,236.0,277.0,210.0,73.0,11.0,137.0,122.0,1204.0,0.0,,2
2014,36.0,Derrick Favors,23.0,UTA,PF,74.0,74.0,2280.0,482.0,918.0,0.525,1.0,6.0,0.167,481.0,912.0,0.527,0.526,222.0,332.0,0.669,196.0,411.0,607.0,112.0,60.0,123.0,121.0,210.0,1187.0,0.0,,1
2014,41.0,Al Horford,28.0,ATL,C,76.0,76.0,2318.0,519.0,965.0,0.538,11.0,36.0,0.306,508.0,929.0,0.547,0.544,107.0,141.0,0.759,131.0,413.0,544.0,244.0,68.0,98.0,100.0,121.0,1156.0,1.0,AS,4
2014,43.0,Ty Lawson,27.0,DEN,PG,75.0,75.0,2665.0,404.0,926.0,0.436,70.0,205.0,0.341,334.0,721.0,0.463,0.474,265.0,363.0,0.73,42.0,192.0,234.0,720.0,92.0,9.0,185.0,128.0,1143.0,0.0,,2
2014,44.0,Zach Randolph,33.0,MEM,PF,71.0,71.0,2304.0,454.0,932.0,0.487,7.0,20.0,0.35,447.0,912.0,0.49,0.491,228.0,298.0,0.765,225.0,522.0,747.0,153.0,69.0,14.0,156.0,175.0,1143.0,0.0,,4
2014,47.0,Mike Conley,27.0,MEM,PG,70.0,70.0,2225.0,393.0,882.0,0.446,107.0,277.0,0.386,286.0,605.0,0.473,0.506,214.0,249.0,0.859,29.0,180.0,209.0,375.0,89.0,14.0,156.0,139.0,1107.0,0.0,,4
2014,69.0,Tony Parker,32.0,SAS,PG,68.0,68.0,1953.0,404.0,832.0,0.486,38.0,89.0,0.427,366.0,743.0,0.493,0.508,130.0,166.0,0.783,15.0,114.0,129.0,335.0,44.0,2.0,146.0,108.0,976.0,0.0,,4
2014,72.0,Carmelo Anthony,30.0,NYK,SF,40.0,40.0,1428.0,358.0,806.0,0.444,61.0,179.0,0.341,297.0,627.0,0.474,0.482,189.0,237.0,0.797,72.0,192.0,264.0,122.0,40.0,17.0,89.0,87.0,966.0,0.0,AS,3
2014,88.0,Serge Ibaka,25.0,OKC,PF,64.0,64.0,2116.0,374.0,786.0,0.476,77.0,205.0,0.376,297.0,581.0,0.511,0.525,92.0,110.0,0.836,135.0,364.0,499.0,55.0,30.0,155.0,97.0,194.0,917.0,0.0,,2
2014,91.0,Derrick Rose,26.0,CHI,PG,51.0,51.0,1530.0,338.0,835.0,0.405,76.0,271.0,0.28,262.0,564.0,0.465,0.45,152.0,187.0,0.813,35.0,126.0,161.0,251.0,36.0,16.0,161.0,63.0,904.0,0.0,,3
2014,117.0,Kobe Bryant,36.0,LAL,SG,35.0,35.0,1207.0,266.0,713.0,0.373,54.0,184.0,0.293,212.0,529.0,0.401,0.411,196.0,241.0,0.813,26.0,173.0,199.0,197.0,47.0,7.0,128.0,65.0,782.0,2.0,AS,1
2014,134.0,Danilo Gallinari,26.0,DEN,SF,59.0,27.0,1426.0,228.0,568.0,0.401,107.0,301.0,0.355,121.0,267.0,0.453,0.496,171.0,191.0,0.895,31.0,187.0,218.0,83.0,47.0,20.0,57.0,94.0,734.0,0.0,,3
2014,148.0,Kevin Durant,26.0,OKC,SF,27.0,27.0,913.0,238.0,467.0,0.51,64.0,159.0,0.403,174.0,308.0,0.565,0.578,146.0,171.0,0.854,16.0,162.0,178.0,110.0,24.0,25.0,74.0,40.0,686.0,0.0,AS,4
2014,161.0,Dwight Howard,29.0,HOU,C,41.0,41.0,1223.0,251.0,423.0,0.593,1.0,2.0,0.5,250.0,421.0,0.594,0.595,143.0,271.0,0.528,110.0,321.0,431.0,50.0,28.0,53.0,115.0,137.0,646.0,0.0,,2
2014,162.0,Taj Gibson,29.0,CHI,PF,62.0,17.0,1692.0,254.0,506.0,0.502,0.0,0.0,,254.0,506.0,0.502,0.502,132.0,184.0,0.717,162.0,234.0,396.0,71.0,36.0,75.0,77.0,162.0,640.0,0.0,6MOY-10,2
2014,176.0,Jrue Holiday,24.0,NOP,PG,40.0,37.0,1303.0,238.0,534.0,0.446,51.0,135.0,0.378,187.0,399.0,0.469,0.493,65.0,76.0,0.855,32.0,103.0,135.0,274.0,63.0,23.0,91.0,110.0,592.0,0.0,,2
2014,198.0,Quincy Pondexter,26.0,2TM,SG,75.0,30.0,1793.0,188.0,447.0,0.421,91.0,244.0,0.373,97.0,203.0,0.478,0.522,71.0,96.0,0.74,53.0,142.0,195.0,94.0,19.0,24.0,51.0,150.0,538.0,0.0,,1
2014,198.0,Quincy Pondexter,26.0,MEM,SG,30.0,2.0,540.0,48.0,135.0,0.356,17.0,73.0,0.233,31.0,62.0,0.5,0.419,21.0,30.0,0.7,20.0,37.0,57.0,28.0,5.0,5.0,10.0,47.0,134.0,0.0,,1
2014,198.0,Quincy Pondexter,26.0,NOP,SF,45.0,28.0,1253.0,140.0,312.0,0.449,74.0,171.0,0.433,66.0,141.0,0.468,0.567,50.0,66.0,0.758,33.0,105.0,138.0,66.0,14.0,19.0,41.0,103.0,404.0,0.0,,1
2014,207.0,Jared Dudley,29.0,MIL,SG,72.0,22.0,1717.0,198.0,423.0,0.468,74.0,192.0,0.385,124.0,231.0,0.537,0.556,48.0,67.0,0.716,45.0,175.0,220.0,130.0,72.0,11.0,62.0,113.0,518.0,0.0,,4
2014,217.0,Joakim Noah,29.0,CHI,C,67.0,67.0,2049.0,190.0,427.0,0.445,0.0,2.0,0.0,190.0,425.0,0.447,0.445,105.0,174.0,0.603,219.0,427.0,646.0,312.0,48.0,74.0,123.0,203.0,485.0,0.0,DPOY-12,4
2014,246.0,Andrew Bogut,30.0,GSW,C,67.0,65.0,1583.0,200.0,355.0,0.563,0.0,0.0,,200.0,355.0,0.563,0.563,22.0,42.0,0.524,141.0,402.0,543.0,180.0,39.0,113.0,106.0,188.0,422.0,0.0,"DPOY-6,DEF2",1
2014,247.0,Kosta Koufos,25.0,MEM,C,81.0,3.0,1348.0,182.0,358.0,0.508,0.0,0.0,,182.0,358.0,0.508,0.508,55.0,85.0,0.647,121.0,305.0,426.0,37.0,29.0,63.0,69.0,148.0,419.0,0.0,,3
2014,305.0,Nick Collison,34.0,OKC,PF,66.0,2.0,1101.0,106.0,253.0,0.419,16.0,60.0,0.267,90.0,193.0,0.466,0.451,45.0,65.0,0.692,90.0,160.0,250.0,90.0,35.0,25.0,45.0,156.0,273.0,0.0,,4
2014,344.0,Larry Sanders,26.0,MIL,C,27.0,26.0,586.0,86.0,172.0,0.5,0.0,0.0,,86.0,172.0,0.5,0.5,24.0,48.0,0.5,67.0,99.0,166.0,23.0,26.0,39.0,28.0,104.0,196.0,0.0,,1
2014,419.0,Paul George,24.0,IND,SF,6.0,0.0,91.0,18.0,49.0,0.367,9.0,22.0,0.409,9.0,27.0,0.333,0.459,8.0,11.0,0.727,4.0,18.0,22.0,6.0,5.0,1.0,12.0,11.0,53.0,0.0,,1
2015,1.0,James Harden,26.0,HOU,SG,82.0,82.0,3125.0,710.0,1617.0,0.439,236.0,657.0,0.359,474.0,960.0,0.494,0.512,720.0,837.0,0.86,63.0,438.0,501.0,612.0,139.0,51.0,374.0,229.0,2376.0,3.0,"MVP-9,AS",3
2015,2.0,Stephen Curry,27.0,GSW,PG,79.0,79.0,2700.0,805.0,1598.0,0.504,402.0,886.0,0.454,403.0,712.0,0.566,0.63,363.0,400.0,0.908,68.0,362.0,430.0,527.0,169.0,15.0,262.0,161.0,2375.0,2.0,"MVP-1,AS,NBA1",3
2015,3.0,Kevin Durant,27.0,OKC,SF,72.0,72.0,2578.0,698.0,1381.0,0.505,186.0,481.0,0.387,512.0,900.0,0.569,0.573,447.0,498.0,0.898,45.0,544.0,589.0,361.0,69.0,85.0,250.0,137.0,2029.0,1.0,"MVP-5,AS,NBA2",5
2015,6.0,Russell Westbrook,27.0,OKC,PG,80.0,80.0,2750.0,656.0,1444.0,0.454,101.0,341.0,0.296,555.0,1103.0,0.503,0.489,465.0,573.0,0.812,145.0,481.0,626.0,834.0,163.0,20.0,342.0,200.0,1878.0,18.0,"MVP-4,AS,NBA1",4
2015,7.0,Paul George,25.0,IND,SF,81.0,81.0,2819.0,605.0,1449.0,0.418,210.0,566.0,0.371,395.0,883.0,0.447,0.49,454.0,528.0,0.86,79.0,484.0,563.0,329.0,152.0,29.0,265.0,230.0,1874.0,0.0,"AS,NBA3,DEF2",2
2015,8.0,DeMar DeRozan,26.0,TOR,SG,78.0,78.0,2804.0,614.0,1377.0,0.446,47.0,139.0,0.338,567.0,1238.0,0.458,0.463,555.0,653.0,0.85,64.0,285.0,349.0,315.0,81.0,21.0,175.0,167.0,1830.0,0.0,AS,3
2015,10.0,Klay Thompson,25.0,GSW,SG,80.0,80.0,2666.0,651.0,1386.0,0.47,276.0,650.0,0.425,375.0,736.0,0.51,0.569,193.0,221.0,0.873,35.0,271.0,306.0,166.0,60.0,49.0,138.0,152.0,1771.0,0.0,"AS,NBA3",1
2015,11.0,DeMarcus Cousins,25.0,SAC,C,65.0,65.0,2246.0,601.0,1332.0,0.451,70.0,210.0,0.333,531.0,1122.0,0.473,0.477,476.0,663.0,0.718,158.0,589.0,747.0,214.0,101.0,92.0,249.0,236.0,1748.0,1.0,"AS,NBA2",2
2015,12.0,Kemba Walker,25.0,CHO,PG,81.0,81.0,2885.0,568.0,1331.0,0.427,182.0,490.0,0.371,386.0,841.0,0.459,0.495,371.0,438.0,0.847,56.0,301.0,357.0,421.0,126.0,39.0,171.0,111.0,1689.0,0.0,,1
2015,18.0,John Wall,25.0,WAS,PG,77.0,77.0,2784.0,572.0,1349.0,0.424,115.0,328.0,0.351,457.0,1021.0,0.448,0.467,272.0,344.0,0.791,42.0,337.0,379.0,789.0,145.0,59.0,318.0,159.0,1531.0,4.0,AS,2
2015,19.0,Kawhi Leonard,24.0,SAS,SF,72.0,72.0,2380.0,551.0,1090.0,0.506,129.0,291.0,0.443,422.0,799.0,0.528,0.565,292.0,334.0,0.874,95.0,398.0,493.0,186.0,128.0,71.0,105.0,133.0,1523.0,0.0,"MVP-2,DPOY-1,AS,NBA1,DEF1",1
2015,24.0,Chris Paul,30.0,LAC,PG,74.0,74.0,2420.0,515.0,1114.0,0.462,122.0,329.0,0.371,393.0,785.0,0.501,0.517,294.0,328.0,0.896,39.0,271.0,310.0,738.0,152.0,13.0,194.0,185.0,1446.0,0.0,"MVP-6,DPOY-13,AS,NBA2,DEF1",3
2015,33.0,Al Horford,29.0,ATL,C,82.0,82.0,2631.0,529.0,1048.0,0.505,88.0,256.0,0.344,441.0,792.0,0.557,0.547,103.0,129.0,0.798,148.0,448.0,596.0,263.0,68.0,121.0,107.0,163.0,1249.0,0.0,"DPOY-13,AS",5
2015,35.0,Kevin Love,27.0,CLE,PF,77.0,77.0,2424.0,409.0,977.0,0.419,158.0,439.0,0.36,251.0,538.0,0.467,0.499,258.0,314.0,0.822,149.0,613.0,762.0,186.0,58.0,41.0,142.0,159.0,1234.0,0.0,,4
2015,40.0,Rudy Gay,29.0,SAC,SF,70.0,70.0,2379.0,466.0,1007.0,0.463,74.0,215.0,0.344,392.0,792.0,0.495,0.5,198.0,254.0,0.78,103.0,353.0,456.0,120.0,100.0,51.0,139.0,184.0,1204.0,0.0,,1
2015,42.0,Nikola Vucevic,25.0,ORL,C,65.0,60.0,2037.0,533.0,1046.0,0.51,2.0,9.0,0.222,531.0,1037.0,0.512,0.511,113.0,150.0,0.753,174.0,402.0,576.0,179.0,53.0,70.0,123.0,173.0,1181.0,0.0,,1
2015,44.0,Kobe Bryant,37.0,LAL,SF,66.0,66.0,1863.0,398.0,1113.0,0.358,133.0,467.0,0.285,265.0,646.0,0.41,0.417,232.0,281.0,0.826,41.0,206.0,247.0,184.0,62.0,13.0,129.0,115.0,1161.0,0.0,AS,2
2015,50.0,Marcus Morris Sr.,26.0,DET,SF,80.0,80.0,2856.0,410.0,945.0,0.434,108.0,298.0,0.362,302.0,647.0,0.467,0.491,203.0,271.0,0.749,91.0,313.0,404.0,201.0,67.0,23.0,140.0,170.0,1131.0,0.0,,1
2015,57.0,Jrue Holiday,25.0,NOP,PG,65.0,23.0,1831.0,410.0,935.0,0.439,87.0,259.0,0.336,323.0,676.0,0.478,0.485,182.0,216.0,0.843,27.0,168.0,195.0,391.0,88.0,22.0,167.0,148.0,1089.0,0.0,6MOY-16,3
2015,58.0,Derrick Rose,27.0,CHI,PG,66.0,66.0,2097.0,447.0,1048.0,0.427,44.0,150.0,0.293,403.0,898.0,0.449,0.448,142.0,179.0,0.793,46.0,179.0,225.0,311.0,44.0,14.0,175.0,84.0,1080.0,0.0,,4
2015,63.0,Kyrie Irving,23.0,CLE,PG,53.0,53.0,1667.0,394.0,879.0,0.448,84.0,262.0,0.321,310.0,617.0,0.502,0.496,169.0,191.0,0.885,44.0,113.0,157.0,249.0,56.0,18.0,124.0,107.0,1041.0,0.0,,1
2015,64.0,Zach Randolph,34.0,MEM,PF,68.0,53.0,2016.0,431.0,907.0,0.475,6.0,26.0,0.231,425.0,881.0,0.482,0.479,172.0,216.0,0.796,179.0,350.0,529.0,142.0,43.0,13.0,105.0,146.0,1040.0,1.0,,1
2015,68.0,Danilo Gallinari,27.0,DEN,SF,53.0,53.0,1839.0,287.0,700.0,0.41,87.0,239.0,0.364,200.0,461.0,0.434,0.472,375.0,432.0,0.868,52.0,229.0,281.0,135.0,42.0,19.0,77.0,87.0,1036.0,0.0,,1
2015,75.0,Derrick Favors,24.0,UTA,PF,62.0,59.0,1983.0,418.0,811.0,0.515,0.0,4.0,0.0,418.0,807.0,0.518,0.515,180.0,254.0,0.709,169.0,334.0,503.0,94.0,74.0,91.0,104.0,150.0,1016.0,0.0,,2
2015,79.0,Serge Ibaka,26.0,OKC,PF,78.0,78.0,2500.0,416.0,869.0,0.479,60.0,184.0,0.326,356.0,685.0,0.52,0.513,91.0,121.0,0.752,141.0,392.0,533.0,66.0,38.0,148.0,108.0,211.0,983.0,0.0,,3
2015,82.0,Dwight Howard,30.0,HOU,C,71.0,71.0,2280.0,372.0,600.0,0.62,0.0,6.0,0.0,372.0,594.0,0.626,0.62,232.0,474.0,0.489,238.0,597.0,835.0,98.0,69.0,113.0,166.0,219.0,976.0,0.0,,3
2015,106.0,Mike Conley,28.0,MEM,PG,56.0,56.0,1761.0,294.0,696.0,0.422,78.0,215.0,0.363,216.0,481.0,0.449,0.478,191.0,229.0,0.834,26.0,138.0,164.0,342.0,67.0,16.0,84.0,100.0,857.0,0.0,,5
2015,107.0,Tony Parker,33.0,SAS,PG,72.0,72.0,1980.0,350.0,710.0,0.493,27.0,65.0,0.415,323.0,645.0,0.501,0.512,130.0,171.0,0.76,17.0,159.0,176.0,379.0,54.0,11.0,131.0,114.0,857.0,0.0,,1
2015,113.0,Kenneth Faried,26.0,DEN,PF,67.0,64.0,1694.0,349.0,626.0,0.558,1.0,2.0,0.5,348.0,624.0,0.558,0.558,136.0,222.0,0.613,235.0,346.0,581.0,79.0,32.0,60.0,91.0,169.0,835.0,0.0,,1
2015,126.0,Ricky Rubio,25.0,MIN,PG,76.0,76.0,2323.0,219.0,586.0,0.374,62.0,190.0,0.326,157.0,396.0,0.396,0.427,266.0,314.0,0.847,40.0,286.0,326.0,658.0,162.0,10.0,193.0,201.0,766.0,0.0,,1
2015,127.0,Markieff Morris,26.0,2TM,PF,64.0,45.0,1629.0,305.0,718.0,0.425,47.0,155.0,0.303,258.0,563.0,0.458,0.458,108.0,147.0,0.735,73.0,279.0,352.0,124.0,58.0,34.0,135.0,184.0,765.0,0.0,,1
2015,127.0,Markieff Morris,26.0,PHO,PF,37.0,24.0,917.0,171.0,431.0,0.397,22.0,76.0,0.289,149.0,355.0,0.42,0.422,66.0,92.0,0.717,43.0,151.0,194.0,87.0,33.0,17.0,90.0,104.0,430.0,0.0,,1
2015,127.0,Markieff Morris,26.0,WAS,PF,27.0,21.0,712.0,134.0,287.0,0.467,25.0,79.0,0.316,109.0,208.0,0.524,0.51,42.0,55.0,0.764,30.0,128.0,158.0,37.0,25.0,17.0,45.0,80.0,335.0,0.0,,1
2015,136.0,Blake Griffin,26.0,LAC,PF,35.0,35.0,1170.0,301.0,603.0,0.499,6.0,18.0,0.333,295.0,585.0,0.504,0.504,141.0,194.0,0.727,51.0,243.0,294.0,170.0,28.0,17.0,83.0,95.0,749.0,0.0,,3
2015,157.0,Jared Dudley,30.0,WAS,PF,81.0,41.0,2098.0,233.0,487.0,0.478,100.0,238.0,0.42,133.0,249.0,0.534,0.581,72.0,98.0,0.735,54.0,232.0,286.0,170.0,75.0,18.0,80.0,190.0,638.0,0.0,,5
2015,160.0,Eric Bledsoe,26.0,PHO,PG,31.0,31.0,1059.0,223.0,492.0,0.453,48.0,129.0,0.372,175.0,363.0,0.482,0.502,138.0,172.0,0.802,18.0,107.0,125.0,190.0,63.0,19.0,110.0,75.0,632.0,0.0,,2
2015,162.0,Taj Gibson,30.0,CHI,PF,73.0,55.0,1936.0,263.0,500.0,0.526,0.0,3.0,0.0,263.0,497.0,0.529,0.526,101.0,146.0,0.692,206.0,298.0,504.0,106.0,47.0,77.0,78.0,180.0,627.0,0.0,,3
2015,248.0,Alec Burks,24.0,UTA,SG,31.0,3.0,797.0,137.0,334.0,0.41,32.0,79.0,0.405,105.0,255.0,0.412,0.458,106.0,141.0,0.752,16.0,93.0,109.0,63.0,18.0,4.0,51.0,71.0,412.0,0.0,,1
2015,261.0,Andrew Bogut,31.0,GSW,C,70.0,66.0,1451.0,175.0,279.0,0.627,1.0,1.0,1.0,174.0,278.0,0.626,0.629,24.0,50.0,0.48,121.0,371.0,492.0,162.0,33.0,114.0,83.0,221.0,375.0,0.0,,2
2015,263.0,Ty Lawson,28.0,2TM,PG,66.0,13.0,1411.0,139.0,354.0,0.393,36.0,108.0,0.333,103.0,246.0,0.419,0.444,59.0,86.0,0.686,26.0,94.0,120.0,237.0,53.0,7.0,95.0,87.0,373.0,0.0,,3
2015,263.0,Ty Lawson,28.0,HOU,PG,53.0,12.0,1176.0,111.0,287.0,0.387,31.0,94.0,0.33,80.0,193.0,0.415,0.441,56.0,80.0,0.7,20.0,69.0,89.0,180.0,43.0,6.0,82.0,71.0,309.0,0.0,,3
2015,263.0,Ty Lawson,28.0,IND,PG,13.0,1.0,235.0,28.0,67.0,0.418,5.0,14.0,0.357,23.0,53.0,0.434,0.455,3.0,6.0,0.5,6.0,25.0,31.0,57.0,10.0,1.0,13.0,16.0,64.0,0.0,,3
2015,361.0,Anderson Varejao,33.0,2TM,C,53.0,0.0,496.0,53.0,124.0,0.427,0.0,1.0,0.0,53.0,123.0,0.431,0.427,32.0,50.0,0.64,37.0,104.0,141.0,35.0,16.0,10.0,22.0,70.0,138.0,0.0,,1
2015,361.0,Anderson Varejao,33.0,CLE,C,31.0,0.0,310.0,32.0,76.0,0.421,0.0,1.0,0.0,32.0,75.0,0.427,0.421,16.0,21.0,0.762,24.0,67.0,91.0,20.0,11.0,5.0,16.0,35.0,80.0,0.0,,1
2015,361.0,Anderson Varejao,33.0,GSW,C,22.0,0.0,186.0,21.0,48.0,0.438,0.0,0.0,,21.0,48.0,0.438,0.438,16.0,29.0,0.552,13.0,37.0,50.0,15.0,5.0,5.0,6.0,35.0,58.0,0.0,,1
2015,370.0,Joakim Noah,30.0,CHI,C,29.0,2.0,635.0,51.0,133.0,0.383,0.0,1.0,0.0,51.0,132.0,0.386,0.383,22.0,45.0,0.489,87.0,168.0,255.0,110.0,18.0,29.0,52.0,77.0,124.0,0.0,,5
2015,372.0,Nick Collison,35.0,OKC,PF,59.0,4.0,699.0,50.0,109.0,0.459,0.0,2.0,0.0,50.0,107.0,0.467,0.459,23.0,33.0,0.697,68.0,103.0,171.0,52.0,15.0,16.0,50.0,107.0,123.0,0.0,,1
2016,1.0,Russell Westbrook,28.0,OKC,PG,81.0,81.0,2802.0,824.0,1941.0,0.425,200.0,583.0,0.343,624.0,1358.0,0.459,0.476,710.0,840.0,0.845,137.0,727.0,864.0,840.0,132.0,31.0,438.0,190.0,2558.0,42.0,"MVP-1,AS,NBA1",1
2016,2.0,James Harden,27.0,HOU,PG,81.0,81.0,2947.0,674.0,1533.0,0.44,262.0,756.0,0.347,412.0,777.0,0.53,0.525,746.0,881.0,0.847,95.0,564.0,659.0,907.0,121.0,38.0,464.0,215.0,2356.0,22.0,"MVP-2,AS,NBA1",1
2016,4.0,Anthony Davis,23.0,NOP,C,75.0,75.0,2708.0,770.0,1526.0,0.505,40.0,134.0,0.299,730.0,1392.0,0.524,0.518,519.0,647.0,0.802,172.0,712.0,884.0,157.0,94.0,167.0,181.0,168.0,2099.0,0.0,"MVP-9,AS,NBA1,DEF2",1
2016,6.0,Damian Lillard,26.0,POR,PG,75.0,75.0,2694.0,661.0,1488.0,0.444,214.0,579.0,0.37,447.0,909.0,0.492,0.516,488.0,545.0,0.895,46.0,322.0,368.0,440.0,68.0,20.0,197.0,152.0,2024.0,0.0,,1
2016,7.0,DeMar DeRozan,27.0,TOR,SG,74.0,74.0,2620.0,721.0,1545.0,0.467,33.0,124.0,0.266,688.0,1421.0,0.484,0.477,545.0,647.0,0.842,70.0,316.0,386.0,290.0,78.0,13.0,180.0,134.0,2020.0,0.0,"MVP-11,AS,NBA3",4
2016,8.0,Stephen Curry,28.0,GSW,PG,79.0,79.0,2638.0,675.0,1443.0,0.468,324.0,789.0,0.411,351.0,654.0,0.537,0.58,325.0,362.0,0.898,61.0,292.0,353.0,524.0,142.0,17.0,239.0,183.0,1999.0,0.0,"MVP-6,AS,NBA2",4
2016,10.0,DeMarcus Cousins,26.0,2TM,C,72.0,72.0,2465.0,647.0,1432.0,0.452,131.0,363.0,0.361,516.0,1069.0,0.483,0.498,517.0,670.0,0.772,152.0,642.0,794.0,332.0,100.0,93.0,269.0,278.0,1942.0,2.0,AS,3
2016,10.0,DeMarcus Cousins,26.0,SAC,C,55.0,55.0,1891.0,505.0,1118.0,0.452,95.0,267.0,0.356,410.0,851.0,0.482,0.494,423.0,549.0,0.77,115.0,468.0,583.0,266.0,75.0,74.0,207.0,203.0,1528.0,2.0,,3
2016,10.0,DeMarcus Cousins,26.0,NOP,C,17.0,17.0,574.0,142.0,314.0,0.452,36.0,96.0,0.375,106.0,218.0,0.486,0.51,94.0,121.0,0.777,37.0,174.0,211.0,66.0,25.0,19.0,62.0,75.0,414.0,0.0,,3
2016,12.0,Kawhi Leonard,25.0,SAS,SF,74.0,74.0,2474.0,636.0,1312.0,0.485,147.0,387.0,0.38,489.0,925.0,0.529,0.541,469.0,533.0,0.88,80.0,350.0,430.0,260.0,133.0,55.0,154.0,122.0,1888.0,0.0,"MVP-3,DPOY-3,AS,NBA1,DEF1",2
2016,15.0,Kemba Walker,26.0,CHO,PG,79.0,79.0,2739.0,643.0,1449.0,0.444,240.0,602.0,0.399,403.0,847.0,0.476,0.527,304.0,359.0,0.847,45.0,263.0,308.0,434.0,85.0,22.0,168.0,119.0,1830.0,0.0,AS,2
2016,17.0,Kyrie Irving,24.0,CLE,PG,72.0,72.0,2525.0,671.0,1420.0,0.473,177.0,441.0,0.401,494.0,979.0,0.505,0.535,297.0,328.0,0.905,52.0,178.0,230.0,418.0,83.0,24.0,180.0,157.0,1816.0,0.0,AS,2
2016,18.0,John Wall,26.0,WAS,PG,78.0,78.0,2836.0,647.0,1435.0,0.451,89.0,272.0,0.327,558.0,1163.0,0.48,0.482,422.0,527.0,0.801,59.0,267.0,326.0,831.0,157.0,49.0,322.0,151.0,1805.0,0.0,"MVP-7,AS,NBA3",3
2016,20.0,Paul George,26.0,IND,SF,75.0,75.0,2689.0,622.0,1348.0,0.461,195.0,496.0,0.393,427.0,852.0,0.501,0.534,336.0,374.0,0.898,58.0,434.0,492.0,251.0,119.0,27.0,220.0,206.0,1775.0,0.0,AS,3
2016,21.0,Klay Thompson,26.0,GSW,SG,78.0,78.0,2649.0,644.0,1376.0,0.468,268.0,647.0,0.414,376.0,729.0,0.516,0.565,186.0,218.0,0.853,49.0,236.0,285.0,160.0,66.0,40.0,128.0,139.0,1742.0,0.0,AS,2
2016,33.0,Eric Bledsoe,27.0,PHO,PG,66.0,66.0,2176.0,449.0,1034.0,0.434,104.0,310.0,0.335,345.0,724.0,0.477,0.485,388.0,458.0,0.847,52.0,268.0,320.0,418.0,91.0,31.0,224.0,164.0,1390.0,1.0,,3
2016,36.0,Blake Griffin,27.0,LAC,PF,61.0,61.0,2076.0,479.0,971.0,0.493,38.0,113.0,0.336,441.0,858.0,0.514,0.513,320.0,421.0,0.76,112.0,385.0,497.0,300.0,57.0,22.0,142.0,157.0,1316.0,1.0,,4
2016,47.0,Serge Ibaka,27.0,2TM,PF,79.0,79.0,2422.0,471.0,982.0,0.48,124.0,317.0,0.391,347.0,665.0,0.522,0.543,107.0,125.0,0.856,129.0,409.0,538.0,75.0,41.0,124.0,105.0,215.0,1173.0,0.0,,4
2016,47.0,Serge Ibaka,27.0,ORL,PF,56.0,56.0,1710.0,343.0,703.0,0.488,83.0,214.0,0.388,260.0,489.0,0.532,0.547,77.0,91.0,0.846,100.0,282.0,382.0,60.0,34.0,91.0,66.0,139.0,846.0,0.0,,4
2016,47.0,Serge Ibaka,27.0,TOR,PF,23.0,23.0,712.0,128.0,279.0,0.459,41.0,103.0,0.398,87.0,176.0,0.494,0.532,30.0,34.0,0.882,29.0,127.0,156.0,15.0,7.0,33.0,39.0,76.0,327.0,0.0,,4
2016,50.0,Derrick Rose,28.0,NYK,PG,64.0,64.0,2082.0,460.0,977.0,0.471,13.0,60.0,0.217,447.0,917.0,0.487,0.477,221.0,253.0,0.874,66.0,180.0,246.0,283.0,44.0,17.0,147.0,84.0,1154.0,0.0,,5
2016,51.0,Danilo Gallinari,28.0,DEN,SF,63.0,63.0,2134.0,335.0,750.0,0.447,126.0,324.0,0.389,209.0,426.0,0.491,0.531,349.0,387.0,0.902,39.0,286.0,325.0,135.0,40.0,15.0,82.0,93.0,1145.0,0.0,,2
2016,55.0,Wilson Chandler,29.0,DEN,SF,71.0,33.0,2197.0,433.0,939.0,0.461,110.0,326.0,0.337,323.0,613.0,0.527,0.52,141.0,194.0,0.727,103.0,357.0,460.0,141.0,51.0,30.0,114.0,172.0,1117.0,0.0,,2
2016,58.0,Marcus Morris Sr.,27.0,DET,SF,79.0,79.0,2565.0,421.0,1007.0,0.418,118.0,357.0,0.331,303.0,650.0,0.466,0.477,145.0,185.0,0.784,77.0,289.0,366.0,160.0,52.0,25.0,87.0,168.0,1105.0,0.0,,2
2016,59.0,Chris Paul,31.0,LAC,PG,61.0,61.0,1921.0,374.0,785.0,0.476,124.0,302.0,0.411,250.0,483.0,0.518,0.555,232.0,260.0,0.892,40.0,264.0,304.0,563.0,119.0,8.0,147.0,146.0,1104.0,1.0,DEF1,4
2016,60.0,Nikola Vucevic,26.0,ORL,C,75.0,55.0,2163.0,483.0,1031.0,0.468,23.0,75.0,0.307,460.0,956.0,0.481,0.48,107.0,160.0,0.669,176.0,603.0,779.0,208.0,76.0,74.0,117.0,180.0,1096.0,0.0,,2
2016,65.0,Markieff Morris,27.0,WAS,PF,76.0,76.0,2374.0,406.0,889.0,0.457,71.0,196.0,0.362,335.0,693.0,0.483,0.497,180.0,215.0,0.837,107.0,386.0,493.0,126.0,82.0,42.0,129.0,254.0,1063.0,0.0,,2
2016,70.0,Jrue Holiday,26.0,NOP,PG,67.0,61.0,2190.0,405.0,893.0,0.454,100.0,281.0,0.356,305.0,612.0,0.498,0.51,119.0,168.0,0.708,46.0,218.0,264.0,488.0,100.0,44.0,194.0,133.0,1029.0,0.0,,4
2016,72.0,Zach Randolph,35.0,MEM,PF,73.0,5.0,1786.0,433.0,964.0,0.449,21.0,94.0,0.223,412.0,870.0,0.474,0.46,141.0,193.0,0.731,182.0,416.0,598.0,122.0,38.0,10.0,99.0,136.0,1028.0,0.0,6MOY-4,2
2016,76.0,Dwight Howard,31.0,ATL,C,74.0,74.0,2199.0,388.0,613.0,0.633,0.0,2.0,0.0,388.0,611.0,0.635,0.633,226.0,424.0,0.533,296.0,644.0,940.0,104.0,64.0,92.0,170.0,203.0,1002.0,0.0,,4
2016,84.0,Jonas Valanciunas,24.0,TOR,C,80.0,80.0,2066.0,391.0,702.0,0.557,1.0,2.0,0.5,390.0,700.0,0.557,0.558,176.0,217.0,0.811,226.0,533.0,759.0,57.0,37.0,63.0,106.0,216.0,959.0,0.0,,1
2016,100.0,Terrence Ross,25.0,2TM,SF,78.0,24.0,1955.0,326.0,746.0,0.437,142.0,391.0,0.363,184.0,355.0,0.518,0.532,64.0,77.0,0.831,18.0,188.0,206.0,88.0,87.0,33.0,68.0,143.0,858.0,0.0,,1
2016,100.0,Terrence Ross,25.0,TOR,SF,54.0,0.0,1207.0,211.0,479.0,0.441,96.0,256.0,0.375,115.0,223.0,0.516,0.541,41.0,50.0,0.82,14.0,124.0,138.0,45.0,53.0,20.0,33.0,82.0,559.0,0.0,,1
2016,100.0,Terrence Ross,25.0,ORL,SF,24.0,24.0,748.0,115.0,267.0,0.431,46.0,135.0,0.341,69.0,132.0,0.523,0.517,23.0,27.0,0.852,4.0,64.0,68.0,43.0,34.0,13.0,35.0,61.0,299.0,0.0,,1
2016,103.0,Taj Gibson,31.0,2TM,PF,78.0,71.0,1989.0,365.0,709.0,0.515,3.0,13.0,0.231,362.0,696.0,0.52,0.517,113.0,158.0,0.715,158.0,327.0,485.0,73.0,41.0,65.0,105.0,163.0,846.0,0.0,,4
2016,103.0,Taj Gibson,31.0,CHI,PF,55.0,55.0,1502.0,276.0,530.0,0.521,2.0,12.0,0.167,274.0,518.0,0.529,0.523,85.0,119.0,0.714,120.0,262.0,382.0,60.0,27.0,50.0,77.0,123.0,639.0,0.0,,4
2016,103.0,Taj Gibson,31.0,OKC,PF,23.0,16.0,487.0,89.0,179.0,0.497,1.0,1.0,1.0,88.0,178.0,0.494,0.5,28.0,39.0,0.718,38.0,65.0,103.0,13.0,14.0,15.0,28.0,40.0,207.0,0.0,,4
2016,107.0,Ricky Rubio,26.0,MIN,PG,75.0,75.0,2469.0,261.0,650.0,0.402,60.0,196.0,0.306,201.0,454.0,0.443,0.448,254.0,285.0,0.891,68.0,237.0,305.0,682.0,128.0,10.0,195.0,202.0,836.0,1.0,,2
2016,134.0,Michael Kidd-Gilchrist,23.0,CHO,SF,81.0,81.0,2349.0,295.0,618.0,0.477,1.0,9.0,0.111,294.0,609.0,0.483,0.478,152.0,194.0,0.784,156.0,409.0,565.0,114.0,81.0,77.0,56.0,187.0,743.0,0.0,,1
2016,146.0,Ty Lawson,29.0,SAC,PG,69.0,24.0,1732.0,237.0,522.0,0.454,34.0,118.0,0.288,203.0,404.0,0.502,0.487,173.0,217.0,0.797,44.0,135.0,179.0,334.0,74.0,6.0,129.0,119.0,681.0,1.0,,4
2016,159.0,Tony Parker,34.0,SAS,PG,63.0,63.0,1587.0,265.0,569.0,0.466,23.0,69.0,0.333,242.0,500.0,0.484,0.486,85.0,117.0,0.726,9.0,104.0,113.0,285.0,34.0,2.0,89.0,92.0,638.0,0.0,,2
2016,169.0,Jeremy Lamb,24.0,CHO,SG,62.0,5.0,1143.0,226.0,491.0,0.46,41.0,146.0,0.281,185.0,345.0,0.536,0.502,110.0,129.0,0.853,30.0,234.0,264.0,75.0,27.0,23.0,40.0,98.0,603.0,0.0,,1
2016,174.0,Kenneth Faried,27.0,DEN,PF,61.0,34.0,1296.0,228.0,416.0,0.548,0.0,6.0,0.0,228.0,410.0,0.556,0.548,131.0,189.0,0.693,183.0,279.0,462.0,55.0,43.0,40.0,59.0,124.0,587.0,0.0,,2
2016,187.0,Rudy Gay,30.0,SAC,SF,30.0,30.0,1013.0,201.0,442.0,0.455,42.0,113.0,0.372,159.0,329.0,0.483,0.502,118.0,138.0,0.855,35.0,155.0,190.0,83.0,44.0,26.0,74.0,79.0,562.0,0.0,,2
2016,222.0,Derrick Favors,25.0,UTA,PF,50.0,39.0,1186.0,203.0,417.0,0.487,3.0,10.0,0.3,200.0,407.0,0.491,0.49,67.0,109.0,0.615,92.0,213.0,305.0,56.0,45.0,40.0,60.0,103.0,476.0,0.0,,3
2016,265.0,John Henson,26.0,MIL,C,58.0,39.0,1123.0,159.0,309.0,0.515,0.0,1.0,0.0,159.0,308.0,0.516,0.515,74.0,107.0,0.692,92.0,203.0,295.0,57.0,29.0,78.0,52.0,151.0,392.0,0.0,,1
2016,304.0,Alec Burks,25.0,UTA,SG,42.0,0.0,653.0,99.0,248.0,0.399,25.0,76.0,0.329,74.0,172.0,0.43,0.45,60.0,78.0,0.769,17.0,103.0,120.0,30.0,18.0,5.0,35.0,50.0,283.0,0.0,,2
2016,402.0,Andrew Bogut,32.0,2TM,C,27.0,21.0,583.0,38.0,81.0,0.469,0.0,1.0,0.0,38.0,80.0,0.475,0.469,3.0,11.0,0.273,56.0,162.0,218.0,49.0,13.0,25.0,43.0,86.0,79.0,0.0,,3
2016,402.0,Andrew Bogut,32.0,DAL,C,26.0,21.0,582.0,38.0,81.0,0.469,0.0,1.0,0.0,38.0,80.0,0.475,0.469,3.0,11.0,0.273,56.0,162.0,218.0,49.0,13.0,25.0,43.0,84.0,79.0,0.0,,3
2016,402.0,Andrew Bogut,32.0,CLE,C,1.0,0.0,1.0,0.0,0.0,,0.0,0.0,,0.0,0.0,,,0.0,0.0,,0.0,0.0,0.0,0.0,0.0,0.0,0.0,2.0,0.0,0.0,,3
2016,434.0,Nick Collison,36.0,OKC,PF,20.0,0.0,128.0,14.0,23.0,0.609,0.0,1.0,0.0,14.0,22.0,0.636,0.609,5.0,8.0,0.625,9.0,22.0,31.0,12.0,2.0,2.0,4.0,17.0,33.0,0.0,,2
2016,450.0,Anderson Varejao,34.0,GSW,C,14.0,1.0,92.0,5.0,14.0,0.357,0.0,0.0,,5.0,14.0,0.357,0.357,8.0,11.0,0.727,12.0,15.0,27.0,10.0,3.0,3.0,8.0,16.0,18.0,0.0,,2
2016,476.0,Larry Sanders,28.0,CLE,C,5.0,0.0,13.0,1.0,4.0,0.25,0.0,0.0,,1.0,4.0,0.25,0.25,2.0,2.0,1.0,3.0,1.0,4.0,0.0,1.0,1.0,2.0,5.0,4.0,0.0,,3
2017,2.0,James Harden,28.0,HOU,SG,72.0,72.0,2551.0,651.0,1449.0,0.449,265.0,722.0,0.367,386.0,727.0,0.531,0.541,624.0,727.0,0.858,41.0,348.0,389.0,630.0,126.0,50.0,315.0,169.0,2191.0,4.0,"MVP-1,AS,NBA1",2
2017,3.0,Anthony Davis,24.0,NOP,PF,75.0,75.0,2727.0,780.0,1462.0,0.534,55.0,162.0,0.34,725.0,1300.0,0.558,0.552,495.0,598.0,0.828,187.0,645.0,832.0,174.0,115.0,193.0,162.0,159.0,2110.0,1.0,"MVP-3,DPOY-3,AS,NBA1,DEF1",2
2017,4.0,Russell Westbrook,29.0,OKC,PG,80.0,80.0,2914.0,757.0,1687.0,0.449,97.0,326.0,0.298,660.0,1361.0,0.485,0.477,417.0,566.0,0.737,152.0,652.0,804.0,820.0,147.0,20.0,381.0,200.0,2028.0,25.0,"MVP-5,AS,NBA2",2
2017,5.0,Giannis Antetokounmpo,23.0,MIL,PF,75.0,75.0,2756.0,742.0,1402.0,0.529,43.0,140.0,0.307,699.0,1262.0,0.554,0.545,487.0,641.0,0.76,156.0,597.0,753.0,361.0,109.0,106.0,223.0,231.0,2014.0,1.0,"MVP-6,AS,NBA2",1
2017,6.0,Damian Lillard,27.0,POR,PG,73.0,73.0,2670.0,621.0,1415.0,0.439,227.0,629.0,0.361,394.0,786.0,0.501,0.519,493.0,538.0,0.916,62.0,263.0,325.0,481.0,77.0,27.0,206.0,117.0,1962.0,0.0,"MVP-4,AS,NBA1",2
2017,11.0,Kemba Walker,27.0,CHO,PG,80.0,80.0,2736.0,588.0,1363.0,0.431,231.0,601.0,0.384,357.0,762.0,0.469,0.516,363.0,420.0,0.864,32.0,216.0,248.0,444.0,91.0,24.0,179.0,98.0,1770.0,0.0,AS,3
2017,14.0,Victor Oladipo,25.0,IND,SG,75.0,75.0,2552.0,640.0,1342.0,0.477,161.0,434.0,0.371,479.0,908.0,0.528,0.537,294.0,368.0,0.799,47.0,343.0,390.0,323.0,177.0,57.0,219.0,175.0,1735.0,0.0,"MVP-13,DPOY-15,MIP-1,AS,NBA3,DEF1",1
2017,15.0,Paul George,27.0,OKC,SF,79.0,79.0,2891.0,576.0,1340.0,0.43,244.0,609.0,0.401,332.0,731.0,0.454,0.521,338.0,411.0,0.822,72.0,375.0,447.0,263.0,161.0,39.0,212.0,233.0,1734.0,0.0,"DPOY-4,AS,NBA3",4
2017,16.0,C.J. McCollum,26.0,POR,SG,81.0,81.0,2923.0,667.0,1505.0,0.443,189.0,476.0,0.397,478.0,1029.0,0.465,0.506,209.0,250.0,0.836,53.0,268.0,321.0,272.0,77.0,35.0,151.0,168.0,1732.0,0.0,,1
2017,21.0,Kyrie Irving,25.0,BOS,PG,60.0,60.0,1931.0,534.0,1087.0,0.491,166.0,407.0,0.408,368.0,680.0,0.541,0.568,232.0,261.0,0.889,33.0,194.0,227.0,306.0,65.0,17.0,140.0,122.0,1466.0,0.0,AS,3
2017,22.0,Klay Thompson,27.0,GSW,SG,73.0,73.0,2506.0,575.0,1179.0,0.488,229.0,521.0,0.44,346.0,658.0,0.526,0.585,82.0,98.0,0.837,31.0,246.0,277.0,185.0,55.0,34.0,128.0,117.0,1461.0,0.0,"DPOY-11,AS",3
2017,32.0,Eric Bledsoe,28.0,2TM,PG,74.0,74.0,2322.0,468.0,989.0,0.473,125.0,360.0,0.347,343.0,629.0,0.545,0.536,252.0,317.0,0.795,51.0,233.0,284.0,370.0,149.0,42.0,216.0,185.0,1313.0,1.0,,4
2017,32.0,Eric Bledsoe,28.0,PHO,PG,3.0,3.0,83.0,16.0,40.0,0.4,4.0,13.0,0.308,12.0,27.0,0.444,0.45,11.0,14.0,0.786,3.0,4.0,7.0,9.0,4.0,2.0,10.0,6.0,47.0,0.0,,4
2017,32.0,Eric Bledsoe,28.0,MIL,PG,71.0,71.0,2239.0,452.0,949.0,0.476,121.0,347.0,0.349,331.0,602.0,0.55,0.54,241.0,303.0,0.795,48.0,229.0,277.0,361.0,145.0,40.0,206.0,179.0,1266.0,1.0,,4
2017,34.0,Dennis Schröder,24.0,ATL,PG,67.0,67.0,2078.0,500.0,1146.0,0.436,76.0,262.0,0.29,424.0,884.0,0.48,0.469,225.0,265.0,0.849,44.0,164.0,208.0,417.0,72.0,6.0,183.0,147.0,1301.0,0.0,,1
2017,44.0,Blake Griffin,28.0,2TM,PF,58.0,58.0,1970.0,436.0,996.0,0.438,111.0,322.0,0.345,325.0,674.0,0.482,0.493,259.0,330.0,0.785,73.0,355.0,428.0,334.0,41.0,18.0,165.0,139.0,1242.0,3.0,,5
2017,44.0,Blake Griffin,28.0,LAC,PF,33.0,33.0,1139.0,255.0,578.0,0.441,64.0,187.0,0.342,191.0,391.0,0.488,0.497,172.0,219.0,0.785,46.0,216.0,262.0,179.0,30.0,9.0,99.0,78.0,746.0,2.0,,5
2017,44.0,Blake Griffin,28.0,DET,PF,25.0,25.0,831.0,181.0,418.0,0.433,47.0,135.0,0.348,134.0,283.0,0.473,0.489,87.0,111.0,0.784,27.0,139.0,166.0,155.0,11.0,9.0,66.0,61.0,496.0,1.0,,5
2017,45.0,DeMarcus Cousins,27.0,NOP,C,48.0,48.0,1737.0,406.0,864.0,0.47,104.0,294.0,0.354,302.0,570.0,0.53,0.53,294.0,394.0,0.746,105.0,512.0,617.0,257.0,79.0,76.0,242.0,183.0,1210.0,3.0,AS,4
2017,57.0,Chris Paul,32.0,HOU,PG,58.0,58.0,1847.0,367.0,798.0,0.46,144.0,379.0,0.38,223.0,419.0,0.532,0.55,203.0,221.0,0.919,37.0,276.0,313.0,457.0,96.0,14.0,128.0,141.0,1081.0,1.0,,5
2017,59.0,Steven Adams,24.0,OKC,C,76.0,76.0,2487.0,448.0,712.0,0.629,0.0,2.0,0.0,448.0,710.0,0.631,0.629,160.0,286.0,0.559,384.0,301.0,685.0,88.0,92.0,78.0,128.0,215.0,1056.0,0.0,DPOY-12,1
2017,63.0,Jeremy Lamb,25.0,CHO,SG,80.0,18.0,1967.0,380.0,832.0,0.457,94.0,254.0,0.37,286.0,578.0,0.495,0.513,179.0,208.0,0.861,49.0,275.0,324.0,186.0,61.0,32.0,93.0,138.0,1033.0,0.0,,2
2017,73.0,Ricky Rubio,27.0,UTA,PG,77.0,77.0,2254.0,346.0,827.0,0.418,96.0,273.0,0.352,250.0,554.0,0.451,0.476,220.0,254.0,0.866,44.0,307.0,351.0,410.0,121.0,11.0,207.0,206.0,1008.0,0.0,,3
2017,82.0,Jonas Valanciunas,25.0,TOR,C,77.0,77.0,1727.0,390.0,687.0,0.568,30.0,74.0,0.405,360.0,613.0,0.587,0.59,170.0,211.0,0.806,183.0,477.0,660.0,81.0,29.0,69.0,115.0,192.0,980.0,0.0,,2
2017,93.0,Derrick Favors,26.0,UTA,C,77.0,77.0,2153.0,395.0,702.0,0.563,14.0,63.0,0.222,381.0,639.0,0.596,0.573,140.0,215.0,0.651,198.0,354.0,552.0,102.0,54.0,82.0,88.0,164.0,944.0,0.0,,4
2017,95.0,Nikola Vucevic,27.0,ORL,C,57.0,57.0,1683.0,399.0,840.0,0.475,64.0,204.0,0.314,335.0,636.0,0.527,0.513,77.0,94.0,0.819,101.0,422.0,523.0,191.0,56.0,62.0,109.0,144.0,939.0,1.0,,3
2017,120.0,Markieff Morris,28.0,WAS,PF,73.0,73.0,1968.0,330.0,687.0,0.48,76.0,207.0,0.367,254.0,480.0,0.529,0.536,105.0,128.0,0.82,75.0,334.0,409.0,142.0,56.0,38.0,127.0,216.0,841.0,0.0,,3
2017,129.0,John Wall,27.0,WAS,PG,41.0,41.0,1410.0,280.0,667.0,0.42,62.0,167.0,0.371,218.0,500.0,0.436,0.466,175.0,241.0,0.726,22.0,128.0,150.0,393.0,57.0,45.0,158.0,80.0,797.0,0.0,AS,4
2017,141.0,Rudy Gobert,25.0,UTA,C,56.0,56.0,1816.0,276.0,444.0,0.622,0.0,0.0,,276.0,444.0,0.622,0.622,204.0,299.0,0.682,165.0,436.0,601.0,80.0,44.0,129.0,107.0,153.0,756.0,0.0,"DPOY-1,DEF1",1
2017,148.0,Wilson Chandler,30.0,DEN,SF,74.0,71.0,2346.0,281.0,631.0,0.445,88.0,246.0,0.358,193.0,385.0,0.501,0.515,88.0,114.0,0.772,102.0,296.0,398.0,159.0,43.0,39.0,92.0,156.0,738.0,0.0,,3
2017,149.0,Marcus Morris Sr.,28.0,BOS,PF,54.0,21.0,1442.0,262.0,611.0,0.429,86.0,234.0,0.368,176.0,377.0,0.467,0.499,124.0,154.0,0.805,43.0,246.0,289.0,72.0,35.0,12.0,65.0,100.0,734.0,0.0,,3
2017,159.0,Michael Kidd-Gilchrist,24.0,CHO,SF,74.0,74.0,1850.0,282.0,560.0,0.504,0.0,2.0,0.0,282.0,558.0,0.505,0.504,117.0,171.0,0.684,84.0,218.0,302.0,71.0,51.0,32.0,53.0,143.0,681.0,0.0,,2
2017,164.0,John Henson,27.0,MIL,C,76.0,69.0,1970.0,287.0,502.0,0.572,1.0,7.0,0.143,286.0,495.0,0.578,0.573,90.0,158.0,0.57,150.0,363.0,513.0,114.0,45.0,109.0,84.0,202.0,665.0,0.0,,2
2017,169.0,Rudy Gay,31.0,SAS,PF,57.0,6.0,1231.0,253.0,537.0,0.471,37.0,118.0,0.314,216.0,419.0,0.516,0.506,112.0,145.0,0.772,76.0,215.0,291.0,73.0,46.0,38.0,78.0,98.0,655.0,0.0,,3
2017,223.0,Alec Burks,26.0,UTA,SG,64.0,1.0,1059.0,170.0,414.0,0.411,47.0,142.0,0.331,123.0,272.0,0.452,0.467,107.0,124.0,0.863,19.0,173.0,192.0,67.0,37.0,8.0,60.0,75.0,494.0,0.0,,3
2017,231.0,Gorgui Dieng,28.0,MIN,C,79.0,0.0,1333.0,186.0,388.0,0.479,19.0,61.0,0.311,167.0,327.0,0.511,0.504,79.0,102.0,0.775,106.0,254.0,360.0,71.0,45.0,39.0,59.0,147.0,470.0,0.0,,1
2017,250.0,Tony Parker,35.0,SAS,PG,55.0,21.0,1071.0,178.0,388.0,0.459,10.0,37.0,0.27,168.0,351.0,0.479,0.472,55.0,78.0,0.705,7.0,88.0,95.0,195.0,28.0,1.0,68.0,52.0,421.0,0.0,,3
2017,283.0,Danilo Gallinari,29.0,LAC,SF,21.0,21.0,671.0,102.0,256.0,0.398,36.0,111.0,0.324,66.0,145.0,0.455,0.469,81.0,87.0,0.931,9.0,92.0,101.0,41.0,12.0,10.0,26.0,30.0,321.0,0.0,,3
2017,318.0,Cody Zeller,25.0,CHO,C,33.0,0.0,627.0,85.0,156.0,0.545,2.0,3.0,0.667,83.0,153.0,0.542,0.551,61.0,85.0,0.718,67.0,110.0,177.0,31.0,14.0,21.0,33.0,81.0,233.0,0.0,,1
2017,331.0,Terrence Ross,26.0,ORL,SG,24.0,20.0,600.0,76.0,191.0,0.398,30.0,93.0,0.323,46.0,98.0,0.469,0.476,27.0,36.0,0.75,10.0,63.0,73.0,38.0,27.0,11.0,29.0,45.0,209.0,0.0,,2
2017,343.0,Kenneth Faried,28.0,DEN,PF,32.0,7.0,461.0,76.0,148.0,0.514,0.0,1.0,0.0,76.0,147.0,0.517,0.514,36.0,51.0,0.706,68.0,85.0,153.0,18.0,12.0,13.0,23.0,51.0,188.0,0.0,,3
2017,370.0,Kawhi Leonard,26.0,SAS,SF,9.0,9.0,210.0,52.0,111.0,0.468,11.0,35.0,0.314,41.0,76.0,0.539,0.518,31.0,38.0,0.816,6.0,36.0,42.0,21.0,18.0,9.0,16.0,9.0,146.0,0.0,,3
2017,435.0,Quincy Pondexter,29.0,CHI,SF,23.0,1.0,196.0,14.0,49.0,0.286,3.0,22.0,0.136,11.0,27.0,0.407,0.316,14.0,17.0,0.824,8.0,19.0,27.0,9.0,8.0,2.0,11.0,24.0,45.0,0.0,,4
2018,1.0,James Harden,29.0,HOU,PG,78.0,78.0,2867.0,843.0,1909.0,0.442,378.0,1028.0,0.368,465.0,881.0,0.528,0.541,754.0,858.0,0.879,66.0,452.0,518.0,586.0,158.0,58.0,387.0,244.0,2818.0,7.0,"MVP-2,AS,NBA1",3
2018,2.0,Paul George,28.0,OKC,SF,77.0,77.0,2841.0,707.0,1614.0,0.438,292.0,757.0,0.386,415.0,857.0,0.484,0.529,453.0,540.0,0.839,105.0,523.0,628.0,318.0,170.0,34.0,205.0,214.0,2159.0,1.0,"MVP-3,DPOY-3,AS,NBA1,DEF1",5
2018,3.0,Kemba Walker,28.0,CHO,PG,82.0,82.0,2863.0,731.0,1684.0,0.434,260.0,731.0,0.356,471.0,953.0,0.494,0.511,380.0,450.0,0.844,52.0,309.0,361.0,484.0,102.0,34.0,211.0,131.0,2102.0,0.0,"AS,NBA3",4
2018,5.0,Damian Lillard,28.0,POR,PG,80.0,80.0,2838.0,681.0,1533.0,0.444,237.0,643.0,0.369,444.0,890.0,0.499,0.522,468.0,513.0,0.912,68.0,303.0,371.0,551.0,88.0,34.0,212.0,148.0,2067.0,0.0,"MVP-6,AS,NBA2",3
2018,7.0,Giannis Antetokounmpo,24.0,MIL,PF,72.0,72.0,2358.0,721.0,1247.0,0.578,52.0,203.0,0.256,669.0,1044.0,0.641,0.599,500.0,686.0,0.729,159.0,739.0,898.0,424.0,92.0,110.0,268.0,232.0,1994.0,5.0,"MVP-1,DPOY-2,AS,NBA1,DEF1",2
2018,12.0,Joel Embiid,24.0,PHI,C,64.0,64.0,2154.0,580.0,1199.0,0.484,79.0,263.0,0.3,501.0,936.0,0.535,0.517,522.0,649.0,0.804,160.0,711.0,871.0,234.0,46.0,122.0,226.0,211.0,1761.0,2.0,"MVP-7,DPOY-4,AS,NBA2,DEF2",1
2018,17.0,Klay Thompson,28.0,GSW,SG,78.0,78.0,2652.0,655.0,1402.0,0.467,241.0,599.0,0.402,414.0,803.0,0.516,0.553,129.0,158.0,0.816,37.0,262.0,299.0,186.0,84.0,47.0,115.0,157.0,1680.0,0.0,"AS,DEF2",4
2018,18.0,Russell Westbrook,30.0,OKC,PG,73.0,73.0,2630.0,630.0,1473.0,0.428,119.0,411.0,0.29,511.0,1062.0,0.481,0.468,296.0,451.0,0.656,109.0,698.0,807.0,784.0,142.0,33.0,325.0,245.0,1675.0,34.0,"MVP-10,AS,NBA3",1
2018,19.0,Nikola Vucevic,28.0,ORL,C,80.0,80.0,2510.0,701.0,1354.0,0.518,84.0,231.0,0.364,617.0,1123.0,0.549,0.549,179.0,227.0,0.789,224.0,736.0,960.0,307.0,81.0,89.0,159.0,157.0,1665.0,1.0,AS,4
2018,23.0,Kyrie Irving,26.0,BOS,PG,67.0,67.0,2214.0,604.0,1241.0,0.487,174.0,434.0,0.401,430.0,807.0,0.533,0.557,214.0,245.0,0.873,71.0,264.0,335.0,464.0,103.0,34.0,172.0,167.0,1596.0,1.0,"AS,NBA2",4
2018,24.0,Kawhi Leonard,27.0,TOR,SF,60.0,60.0,2040.0,560.0,1129.0,0.496,112.0,302.0,0.371,448.0,827.0,0.542,0.546,364.0,426.0,0.854,78.0,361.0,439.0,199.0,106.0,24.0,121.0,87.0,1596.0,0.0,"MVP-9,DPOY-6,AS,NBA2,DEF2",4
2018,29.0,Louis Williams,32.0,LAC,SG,75.0,1.0,1993.0,484.0,1138.0,0.425,105.0,291.0,0.361,379.0,847.0,0.447,0.471,425.0,485.0,0.876,40.0,182.0,222.0,402.0,57.0,11.0,181.0,80.0,1498.0,1.0,6MOY-1,1
2018,32.0,C.J. McCollum,27.0,POR,SG,70.0,70.0,2375.0,571.0,1243.0,0.459,167.0,445.0,0.375,404.0,798.0,0.506,0.527,159.0,192.0,0.828,62.0,220.0,282.0,207.0,55.0,28.0,106.0,172.0,1468.0,1.0,,2
2018,34.0,Anthony Davis,25.0,NOP,C,56.0,56.0,1850.0,530.0,1026.0,0.517,48.0,145.0,0.331,482.0,881.0,0.547,0.54,344.0,433.0,0.794,174.0,498.0,672.0,218.0,88.0,135.0,112.0,132.0,1452.0,0.0,AS,3
2018,47.0,Andrew Wiggins,23.0,MIN,SF,73.0,73.0,2543.0,498.0,1209.0,0.412,118.0,348.0,0.339,380.0,861.0,0.441,0.461,207.0,296.0,0.699,83.0,269.0,352.0,184.0,70.0,48.0,138.0,153.0,1321.0,0.0,,1
2018,49.0,Rudy Gobert,26.0,UTA,C,81.0,80.0,2577.0,476.0,712.0,0.669,0.0,0.0,,476.0,712.0,0.669,0.669,332.0,522.0,0.636,309.0,732.0,1041.0,161.0,66.0,187.0,130.0,231.0,1284.0,0.0,"MVP-11,DPOY-1,NBA3,DEF1",2
2018,54.0,Eric Bledsoe,29.0,MIL,PG,78.0,78.0,2272.0,470.0,971.0,0.484,124.0,377.0,0.329,346.0,594.0,0.582,0.548,177.0,236.0,0.75,82.0,280.0,362.0,430.0,116.0,29.0,165.0,156.0,1241.0,1.0,DEF1,5
2018,56.0,Dennis Schröder,25.0,OKC,PG,79.0,14.0,2314.0,457.0,1104.0,0.414,124.0,364.0,0.341,333.0,740.0,0.45,0.47,186.0,227.0,0.819,38.0,246.0,284.0,323.0,65.0,12.0,172.0,189.0,1224.0,0.0,6MOY-8,2
2018,57.0,Terrence Ross,27.0,ORL,SG,81.0,0.0,2150.0,440.0,1027.0,0.428,217.0,566.0,0.383,223.0,461.0,0.484,0.534,126.0,144.0,0.875,27.0,253.0,280.0,135.0,72.0,29.0,90.0,119.0,1223.0,0.0,6MOY-5,3
2018,59.0,Josh Richardson,25.0,MIA,SG,73.0,73.0,2539.0,423.0,1026.0,0.412,164.0,460.0,0.357,259.0,566.0,0.458,0.492,199.0,231.0,0.861,54.0,209.0,263.0,298.0,79.0,34.0,113.0,200.0,1209.0,0.0,,1
2018,60.0,Jeremy Lamb,26.0,CHO,SG,79.0,55.0,2250.0,431.0,979.0,0.44,115.0,330.0,0.348,316.0,649.0,0.487,0.499,231.0,260.0,0.888,65.0,369.0,434.0,172.0,88.0,32.0,80.0,140.0,1208.0,0.0,,3
2018,68.0,Steven Adams,25.0,OKC,C,80.0,80.0,2669.0,481.0,809.0,0.595,0.0,2.0,0.0,481.0,807.0,0.596,0.595,146.0,292.0,0.5,391.0,369.0,760.0,124.0,117.0,76.0,135.0,204.0,1108.0,0.0,,2
2018,74.0,Marcus Morris Sr.,29.0,BOS,PF,75.0,53.0,2091.0,377.0,844.0,0.447,146.0,389.0,0.375,231.0,455.0,0.508,0.533,146.0,173.0,0.844,76.0,382.0,458.0,109.0,43.0,25.0,92.0,181.0,1046.0,0.0,,4
2018,111.0,Ricky Rubio,28.0,UTA,PG,68.0,67.0,1899.0,295.0,730.0,0.404,79.0,254.0,0.311,216.0,476.0,0.454,0.458,195.0,228.0,0.855,33.0,210.0,243.0,416.0,91.0,10.0,180.0,180.0,864.0,0.0,,4
2018,131.0,T.J. Warren,25.0,PHO,SF,43.0,36.0,1360.0,297.0,611.0,0.486,77.0,180.0,0.428,220.0,431.0,0.51,0.549,101.0,124.0,0.815,31.0,143.0,174.0,64.0,51.0,29.0,52.0,119.0,772.0,0.0,,1
2018,132.0,Jonas Valanciunas,26.0,2TM,C,49.0,27.0,1091.0,301.0,538.0,0.559,14.0,48.0,0.292,287.0,490.0,0.586,0.572,147.0,185.0,0.795,106.0,313.0,419.0,70.0,19.0,53.0,90.0,146.0,763.0,0.0,,3
2018,132.0,Jonas Valanciunas,26.0,TOR,C,30.0,10.0,564.0,149.0,259.0,0.575,9.0,30.0,0.3,140.0,229.0,0.611,0.593,77.0,94.0,0.819,54.0,162.0,216.0,29.0,13.0,23.0,39.0,82.0,384.0,0.0,,3
2018,132.0,Jonas Valanciunas,26.0,MEM,C,19.0,17.0,527.0,152.0,279.0,0.545,5.0,18.0,0.278,147.0,261.0,0.563,0.554,70.0,91.0,0.769,52.0,151.0,203.0,41.0,6.0,30.0,51.0,64.0,379.0,0.0,,3
2018,141.0,Gary Harris,24.0,DEN,SG,57.0,48.0,1639.0,270.0,637.0,0.424,82.0,242.0,0.339,188.0,395.0,0.476,0.488,115.0,144.0,0.799,41.0,119.0,160.0,127.0,55.0,19.0,68.0,113.0,737.0,0.0,,1
2018,164.0,Victor Oladipo,26.0,IND,SG,36.0,36.0,1147.0,249.0,588.0,0.423,74.0,216.0,0.343,175.0,372.0,0.47,0.486,103.0,141.0,0.73,21.0,181.0,202.0,186.0,60.0,11.0,82.0,72.0,675.0,0.0,AS,2
2018,166.0,John Wall,28.0,WAS,PG,32.0,32.0,1104.0,245.0,552.0,0.444,51.0,169.0,0.302,194.0,383.0,0.507,0.49,122.0,175.0,0.697,15.0,101.0,116.0,279.0,49.0,29.0,121.0,71.0,663.0,0.0,,5
2018,194.0,Alec Burks,27.0,3TM,SG,64.0,24.0,1375.0,192.0,474.0,0.405,61.0,168.0,0.363,131.0,306.0,0.428,0.469,116.0,141.0,0.823,30.0,205.0,235.0,128.0,39.0,21.0,65.0,91.0,561.0,0.0,,4
2018,194.0,Alec Burks,27.0,UTA,SG,17.0,0.0,269.0,47.0,114.0,0.412,16.0,43.0,0.372,31.0,71.0,0.437,0.482,33.0,38.0,0.868,2.0,25.0,27.0,20.0,6.0,4.0,15.0,22.0,143.0,0.0,,4
2018,194.0,Alec Burks,27.0,CLE,SG,34.0,24.0,979.0,136.0,340.0,0.4,45.0,119.0,0.378,91.0,221.0,0.412,0.466,79.0,98.0,0.806,26.0,160.0,186.0,98.0,25.0,16.0,46.0,62.0,396.0,0.0,,4
2018,194.0,Alec Burks,27.0,SAC,SG,13.0,0.0,127.0,9.0,20.0,0.45,0.0,6.0,0.0,9.0,14.0,0.643,0.45,4.0,5.0,0.8,2.0,20.0,22.0,10.0,8.0,1.0,4.0,7.0,22.0,0.0,,4
2018,196.0,Markieff Morris,29.0,2TM,PF,58.0,16.0,1270.0,204.0,484.0,0.421,68.0,203.0,0.335,136.0,281.0,0.484,0.492,71.0,92.0,0.772,61.0,204.0,265.0,79.0,36.0,22.0,54.0,175.0,547.0,0.0,,4
2018,196.0,Markieff Morris,29.0,WAS,PF,34.0,15.0,883.0,143.0,328.0,0.436,48.0,144.0,0.333,95.0,184.0,0.516,0.509,57.0,73.0,0.781,41.0,133.0,174.0,60.0,25.0,20.0,47.0,117.0,391.0,0.0,,4
2018,196.0,Markieff Morris,29.0,OKC,PF,24.0,1.0,387.0,61.0,156.0,0.391,20.0,59.0,0.339,41.0,97.0,0.423,0.455,14.0,19.0,0.737,20.0,71.0,91.0,19.0,11.0,2.0,7.0,58.0,156.0,0.0,,4
2018,210.0,Norman Powell,25.0,TOR,SG,60.0,3.0,1126.0,193.0,400.0,0.483,68.0,170.0,0.4,125.0,230.0,0.543,0.568,62.0,75.0,0.827,16.0,123.0,139.0,91.0,39.0,13.0,65.0,96.0,516.0,0.0,,1
2018,221.0,Cody Zeller,26.0,CHO,C,49.0,47.0,1243.0,190.0,345.0,0.551,6.0,22.0,0.273,184.0,323.0,0.57,0.559,111.0,141.0,0.787,110.0,223.0,333.0,102.0,38.0,41.0,62.0,164.0,497.0,0.0,,2
2018,229.0,Gorgui Dieng,29.0,MIN,C,76.0,2.0,1031.0,189.0,377.0,0.501,19.0,56.0,0.339,170.0,321.0,0.53,0.527,88.0,106.0,0.83,81.0,230.0,311.0,72.0,48.0,41.0,57.0,134.0,485.0,0.0,,2
2018,241.0,Robert Covington,28.0,2TM,SF,35.0,35.0,1203.0,156.0,362.0,0.431,85.0,225.0,0.378,71.0,137.0,0.518,0.548,68.0,89.0,0.764,28.0,165.0,193.0,46.0,74.0,47.0,47.0,126.0,465.0,0.0,,1
2018,241.0,Robert Covington,28.0,PHI,SF,13.0,13.0,440.0,50.0,117.0,0.427,30.0,77.0,0.39,20.0,40.0,0.5,0.556,17.0,23.0,0.739,7.0,60.0,67.0,14.0,24.0,23.0,22.0,45.0,147.0,0.0,,1
2018,241.0,Robert Covington,28.0,MIN,SF,22.0,22.0,763.0,106.0,245.0,0.433,55.0,148.0,0.372,51.0,97.0,0.526,0.545,51.0,66.0,0.773,21.0,105.0,126.0,32.0,50.0,24.0,25.0,81.0,318.0,0.0,,1
2018,257.0,Michael Kidd-Gilchrist,25.0,CHO,PF,64.0,3.0,1179.0,158.0,332.0,0.476,16.0,47.0,0.34,142.0,285.0,0.498,0.5,95.0,123.0,0.772,88.0,158.0,246.0,61.0,32.0,39.0,43.0,156.0,427.0,0.0,,3
2018,277.0,Kenneth Faried,29.0,2TM,C,37.0,13.0,728.0,156.0,265.0,0.589,8.0,25.0,0.32,148.0,240.0,0.617,0.604,64.0,99.0,0.646,97.0,153.0,250.0,20.0,17.0,23.0,33.0,82.0,384.0,0.0,,4
2018,277.0,Kenneth Faried,29.0,BRK,C,12.0,0.0,118.0,25.0,42.0,0.595,1.0,5.0,0.2,24.0,37.0,0.649,0.607,10.0,16.0,0.625,15.0,29.0,44.0,2.0,2.0,4.0,6.0,8.0,61.0,0.0,,4
2018,277.0,Kenneth Faried,29.0,HOU,C,25.0,13.0,610.0,131.0,223.0,0.587,7.0,20.0,0.35,124.0,203.0,0.611,0.603,54.0,83.0,0.651,82.0,124.0,206.0,18.0,15.0,19.0,27.0,74.0,323.0,0.0,,4
2018,298.0,Wilson Chandler,31.0,2TM,SF,51.0,33.0,1177.0,114.0,273.0,0.418,59.0,158.0,0.373,55.0,115.0,0.478,0.526,18.0,25.0,0.72,48.0,167.0,215.0,82.0,25.0,21.0,46.0,123.0,305.0,0.0,,4
2018,298.0,Wilson Chandler,31.0,PHI,PF,36.0,32.0,951.0,91.0,207.0,0.44,46.0,118.0,0.39,45.0,89.0,0.506,0.551,13.0,18.0,0.722,44.0,124.0,168.0,72.0,22.0,18.0,39.0,94.0,241.0,0.0,,4
2018,298.0,Wilson Chandler,31.0,LAC,SF,15.0,1.0,226.0,23.0,66.0,0.348,13.0,40.0,0.325,10.0,26.0,0.385,0.447,5.0,7.0,0.714,4.0,43.0,47.0,10.0,3.0,3.0,7.0,29.0,64.0,0.0,,4
2018,420.0,John Henson,28.0,MIL,C,14.0,0.0,188.0,31.0,67.0,0.463,11.0,31.0,0.355,20.0,36.0,0.556,0.545,6.0,10.0,0.6,16.0,55.0,71.0,14.0,7.0,11.0,12.0,16.0,79.0,0.0,,3
2019,1.0,James Harden,30.0,HOU,SG,68.0,68.0,2483.0,672.0,1514.0,0.444,299.0,843.0,0.355,373.0,671.0,0.556,0.543,692.0,800.0,0.865,70.0,376.0,446.0,512.0,125.0,60.0,308.0,227.0,2335.0,4.0,"MVP-3,AS,NBA1",1
2019,2.0,Damian Lillard,29.0,POR,PG,66.0,66.0,2474.0,624.0,1349.0,0.463,270.0,674.0,0.401,354.0,675.0,0.524,0.563,460.0,518.0,0.888,33.0,251.0,284.0,530.0,70.0,22.0,194.0,114.0,1978.0,1.0,"MVP-8,AS,NBA2",4
2019,3.0,Devin Booker,23.0,PHO,SG,70.0,70.0,2512.0,627.0,1283.0,0.489,141.0,398.0,0.354,486.0,885.0,0.549,0.544,468.0,509.0,0.919,29.0,268.0,297.0,456.0,49.0,18.0,264.0,213.0,1863.0,0.0,AS,1
2019,4.0,Giannis Antetokounmpo,25.0,MIL,PF,63.0,63.0,1917.0,685.0,1238.0,0.553,89.0,293.0,0.304,596.0,945.0,0.631,0.589,398.0,629.0,0.633,140.0,716.0,856.0,354.0,61.0,66.0,230.0,195.0,1857.0,4.0,"MVP-1,DPOY-1,AS,NBA1,DEF1",3
2019,10.0,Anthony Davis,26.0,LAL,PF,62.0,62.0,2131.0,551.0,1096.0,0.503,72.0,218.0,0.33,479.0,878.0,0.546,0.536,444.0,525.0,0.846,142.0,435.0,577.0,200.0,91.0,143.0,154.0,156.0,1618.0,0.0,"MVP-6,DPOY-2,AS,NBA1,DEF1",4
2019,11.0,C.J. McCollum,28.0,POR,SG,70.0,70.0,2556.0,611.0,1356.0,0.451,194.0,512.0,0.379,417.0,844.0,0.494,0.522,140.0,185.0,0.757,46.0,251.0,297.0,310.0,54.0,42.0,127.0,183.0,1556.0,0.0,,3
2019,12.0,Russell Westbrook,31.0,HOU,PG,57.0,57.0,2049.0,604.0,1281.0,0.472,55.0,213.0,0.258,549.0,1068.0,0.514,0.493,290.0,380.0,0.763,100.0,351.0,451.0,401.0,93.0,20.0,255.0,200.0,1553.0,8.0,"AS,NBA3",2
2019,14.0,Kawhi Leonard,28.0,LAC,SF,57.0,57.0,1848.0,532.0,1133.0,0.47,123.0,325.0,0.378,409.0,808.0,0.506,0.524,356.0,402.0,0.886,54.0,348.0,402.0,280.0,103.0,33.0,149.0,113.0,1543.0,1.0,"MVP-5,DPOY-8,AS,NBA2,DEF2",5
2019,24.0,T.J. Warren,26.0,IND,SF,67.0,67.0,2202.0,534.0,997.0,0.536,91.0,226.0,0.403,443.0,771.0,0.575,0.581,167.0,204.0,0.819,68.0,212.0,280.0,99.0,78.0,34.0,84.0,187.0,1326.0,0.0,,2
2019,25.0,Spencer Dinwiddie,26.0,BRK,PG,64.0,49.0,1994.0,424.0,1021.0,0.415,123.0,400.0,0.308,301.0,621.0,0.485,0.476,347.0,446.0,0.778,32.0,189.0,221.0,432.0,40.0,21.0,174.0,180.0,1318.0,0.0,,1
2019,30.0,Dennis Schröder,26.0,OKC,PG,65.0,2.0,1999.0,453.0,965.0,0.469,125.0,325.0,0.385,328.0,640.0,0.513,0.534,198.0,236.0,0.839,19.0,217.0,236.0,262.0,45.0,14.0,166.0,146.0,1229.0,0.0,6MOY-2,3
2019,34.0,Louis Williams,33.0,LAC,PG,65.0,8.0,1864.0,391.0,936.0,0.418,111.0,315.0,0.352,280.0,621.0,0.451,0.477,292.0,339.0,0.861,31.0,170.0,201.0,365.0,43.0,12.0,182.0,80.0,1185.0,0.0,6MOY-3,2
2019,36.0,Andrew Wiggins,24.0,2TM,SF,54.0,54.0,1858.0,437.0,978.0,0.447,111.0,334.0,0.332,326.0,644.0,0.506,0.504,190.0,268.0,0.709,66.0,208.0,274.0,198.0,45.0,53.0,132.0,127.0,1175.0,1.0,,2
2019,36.0,Andrew Wiggins,24.0,MIN,SF,42.0,42.0,1455.0,351.0,790.0,0.444,91.0,275.0,0.331,260.0,515.0,0.505,0.502,149.0,207.0,0.72,48.0,171.0,219.0,155.0,29.0,36.0,107.0,101.0,942.0,1.0,,2
2019,36.0,Andrew Wiggins,24.0,GSW,SF,12.0,12.0,403.0,86.0,188.0,0.457,20.0,59.0,0.339,66.0,129.0,0.512,0.511,41.0,61.0,0.672,18.0,37.0,55.0,43.0,16.0,17.0,25.0,26.0,233.0,0.0,,2
2019,38.0,Joel Embiid,25.0,PHI,C,51.0,51.0,1506.0,382.0,801.0,0.477,57.0,172.0,0.331,325.0,629.0,0.517,0.512,351.0,435.0,0.807,141.0,452.0,593.0,152.0,45.0,65.0,159.0,174.0,1172.0,0.0,AS,2
2019,56.0,Jonas Valanciunas,27.0,MEM,C,70.0,70.0,1845.0,432.0,739.0,0.585,32.0,91.0,0.352,400.0,648.0,0.617,0.606,148.0,200.0,0.74,213.0,575.0,788.0,131.0,30.0,76.0,127.0,185.0,1044.0,1.0,,4
2019,61.0,Rudy Gobert,27.0,UTA,C,68.0,68.0,2333.0,386.0,557.0,0.693,0.0,0.0,,386.0,557.0,0.693,0.693,254.0,403.0,0.63,230.0,686.0,916.0,101.0,51.0,135.0,130.0,215.0,1026.0,0.0,"DPOY-3,AS,NBA3,DEF1",3
2019,65.0,LaMarcus Aldridge,34.0,SAS,C,53.0,53.0,1754.0,391.0,793.0,0.493,61.0,157.0,0.389,330.0,636.0,0.519,0.532,158.0,191.0,0.827,103.0,289.0,392.0,129.0,36.0,87.0,74.0,128.0,1001.0,0.0,,1
2019,69.0,Kevin Love,31.0,CLE,PF,56.0,56.0,1780.0,327.0,727.0,0.45,146.0,390.0,0.374,181.0,337.0,0.537,0.55,187.0,219.0,0.854,54.0,493.0,547.0,178.0,33.0,19.0,140.0,90.0,987.0,0.0,,1
2019,74.0,Karl-Anthony Towns,24.0,MIN,C,35.0,35.0,1187.0,316.0,622.0,0.508,114.0,277.0,0.412,202.0,345.0,0.586,0.6,180.0,226.0,0.796,95.0,283.0,378.0,153.0,33.0,42.0,110.0,117.0,926.0,0.0,,1
2019,77.0,Eric Bledsoe,30.0,MIL,PG,61.0,61.0,1646.0,334.0,703.0,0.475,74.0,215.0,0.344,260.0,488.0,0.533,0.528,169.0,214.0,0.79,43.0,239.0,282.0,328.0,57.0,26.0,148.0,128.0,911.0,0.0,DEF2,1
2019,86.0,Robert Covington,29.0,2TM,C,70.0,68.0,2137.0,305.0,723.0,0.422,161.0,480.0,0.335,144.0,243.0,0.593,0.533,99.0,124.0,0.798,63.0,400.0,463.0,88.0,115.0,93.0,103.0,220.0,870.0,0.0,,2
2019,86.0,Robert Covington,29.0,MIN,PF,48.0,47.0,1411.0,216.0,496.0,0.435,108.0,312.0,0.346,108.0,184.0,0.587,0.544,75.0,94.0,0.798,36.0,251.0,287.0,56.0,80.0,45.0,73.0,148.0,615.0,0.0,,2
2019,86.0,Robert Covington,29.0,HOU,C,22.0,21.0,726.0,89.0,227.0,0.392,53.0,168.0,0.315,36.0,59.0,0.61,0.509,24.0,30.0,0.8,27.0,149.0,176.0,32.0,35.0,48.0,30.0,72.0,255.0,0.0,,2
2019,96.0,Norman Powell,26.0,TOR,SG,52.0,26.0,1479.0,296.0,598.0,0.495,109.0,273.0,0.399,187.0,325.0,0.575,0.586,129.0,153.0,0.843,26.0,164.0,190.0,91.0,60.0,21.0,77.0,108.0,830.0,0.0,,2
2019,109.0,Josh Richardson,26.0,PHI,SG,55.0,53.0,1693.0,278.0,646.0,0.43,85.0,249.0,0.341,193.0,397.0,0.486,0.496,114.0,141.0,0.809,41.0,133.0,174.0,162.0,52.0,36.0,104.0,136.0,755.0,0.0,,2
2019,110.0,Myles Turner,23.0,IND,C,62.0,62.0,1826.0,268.0,587.0,0.457,86.0,250.0,0.344,182.0,337.0,0.54,0.53,127.0,169.0,0.751,86.0,321.0,407.0,72.0,46.0,132.0,85.0,166.0,749.0,0.0,,1
2019,131.0,Steven Adams,26.0,OKC,C,63.0,63.0,1680.0,283.0,478.0,0.592,1.0,3.0,0.333,282.0,475.0,0.594,0.593,117.0,201.0,0.582,207.0,376.0,583.0,146.0,51.0,67.0,94.0,122.0,684.0,0.0,,3
2019,148.0,Cody Zeller,27.0,CHO,C,58.0,39.0,1341.0,251.0,479.0,0.524,18.0,75.0,0.24,233.0,404.0,0.577,0.543,122.0,179.0,0.682,160.0,251.0,411.0,88.0,40.0,25.0,75.0,140.0,642.0,0.0,,3
2019,165.0,Gary Harris,25.0,DEN,SG,56.0,55.0,1780.0,218.0,519.0,0.42,70.0,210.0,0.333,148.0,309.0,0.479,0.487,75.0,92.0,0.815,26.0,137.0,163.0,118.0,76.0,14.0,60.0,116.0,581.0,0.0,,2
2019,171.0,Larry Nance Jr.,27.0,CLE,PF,56.0,10.0,1472.0,229.0,431.0,0.531,56.0,159.0,0.352,173.0,272.0,0.636,0.596,50.0,74.0,0.676,106.0,303.0,409.0,123.0,56.0,22.0,60.0,91.0,564.0,0.0,,1
2019,176.0,Kyrie Irving,27.0,BRK,PG,20.0,20.0,658.0,199.0,416.0,0.478,56.0,142.0,0.394,143.0,274.0,0.522,0.546,94.0,102.0,0.922,22.0,81.0,103.0,128.0,27.0,10.0,52.0,53.0,548.0,1.0,,5
2019,210.0,Gorgui Dieng,30.0,2TM,C,63.0,17.0,1096.0,166.0,364.0,0.456,54.0,152.0,0.355,112.0,212.0,0.528,0.53,78.0,101.0,0.772,91.0,263.0,354.0,73.0,51.0,59.0,60.0,124.0,464.0,0.0,,3
2019,210.0,Gorgui Dieng,30.0,MIN,C,46.0,17.0,778.0,124.0,277.0,0.448,46.0,120.0,0.383,78.0,157.0,0.497,0.531,47.0,59.0,0.797,73.0,183.0,256.0,58.0,37.0,42.0,44.0,89.0,341.0,0.0,,3
2019,210.0,Gorgui Dieng,30.0,MEM,C,17.0,0.0,318.0,42.0,87.0,0.483,8.0,32.0,0.25,34.0,55.0,0.618,0.529,31.0,42.0,0.738,18.0,80.0,98.0,15.0,14.0,17.0,16.0,35.0,123.0,0.0,,3
2019,293.0,Victor Oladipo,27.0,IND,SG,19.0,16.0,528.0,97.0,246.0,0.394,33.0,104.0,0.317,64.0,142.0,0.451,0.461,48.0,59.0,0.814,9.0,66.0,75.0,56.0,17.0,4.0,47.0,36.0,275.0,0.0,,3
2019,320.0,John Henson,29.0,2TM,C,40.0,8.0,600.0,95.0,171.0,0.556,8.0,36.0,0.222,87.0,135.0,0.644,0.579,23.0,46.0,0.5,46.0,116.0,162.0,54.0,24.0,42.0,36.0,78.0,221.0,0.0,,4
2019,320.0,John Henson,29.0,CLE,C,29.0,2.0,412.0,61.0,120.0,0.508,6.0,31.0,0.194,55.0,89.0,0.618,0.533,17.0,33.0,0.515,32.0,82.0,114.0,43.0,16.0,32.0,21.0,55.0,145.0,0.0,,4
2019,320.0,John Henson,29.0,DET,C,11.0,6.0,188.0,34.0,51.0,0.667,2.0,5.0,0.4,32.0,46.0,0.696,0.686,6.0,13.0,0.462,14.0,34.0,48.0,11.0,8.0,10.0,15.0,23.0,76.0,0.0,,4
2019,373.0,Justise Winslow,23.0,MIA,SG,11.0,5.0,352.0,50.0,129.0,0.388,6.0,27.0,0.222,44.0,102.0,0.431,0.411,18.0,27.0,0.667,16.0,57.0,73.0,44.0,7.0,5.0,24.0,38.0,124.0,0.0,,1
2019,421.0,Michael Kidd-Gilchrist,26.0,2TM,PF,25.0,0.0,281.0,22.0,66.0,0.333,5.0,20.0,0.25,17.0,46.0,0.37,0.371,11.0,14.0,0.786,14.0,53.0,67.0,14.0,2.0,6.0,16.0,37.0,60.0,0.0,,4
2019,421.0,Michael Kidd-Gilchrist,26.0,CHO,PF,12.0,0.0,160.0,18.0,53.0,0.34,5.0,17.0,0.294,13.0,36.0,0.361,0.387,7.0,9.0,0.778,9.0,26.0,35.0,10.0,0.0,3.0,7.0,18.0,48.0,0.0,,4
2019,421.0,Michael Kidd-Gilchrist,26.0,DAL,PF,13.0,0.0,121.0,4.0,13.0,0.308,0.0,3.0,0.0,4.0,10.0,0.4,0.308,4.0,5.0,0.8,5.0,27.0,32.0,4.0,2.0,3.0,9.0,19.0,12.0,0.0,,4
2020,2.0,Damian Lillard,30.0,POR,PG,67.0,67.0,2398.0,602.0,1334.0,0.451,275.0,704.0,0.391,327.0,630.0,0.519,0.554,449.0,484.0,0.928,32.0,251.0,283.0,505.0,62.0,17.0,203.0,102.0,1928.0,0.0,"MVP-7,AS,NBA2",5
2020,6.0,Giannis Antetokounmpo,26.0,MIL,PF,61.0,61.0,2013.0,626.0,1100.0,0.569,67.0,221.0,0.303,559.0,879.0,0.636,0.6,398.0,581.0,0.685,97.0,574.0,671.0,357.0,72.0,73.0,207.0,168.0,1717.0,7.0,"MVP-4,DPOY-5,AS,NBA1,DEF1",4
2020,7.0,Devin Booker,24.0,PHO,SG,67.0,67.0,2270.0,623.0,1287.0,0.484,126.0,371.0,0.34,497.0,916.0,0.543,0.533,340.0,392.0,0.867,34.0,247.0,281.0,289.0,53.0,16.0,207.0,181.0,1712.0,0.0,AS,2
2020,16.0,Joel Embiid,26.0,PHI,C,51.0,51.0,1585.0,461.0,899.0,0.513,58.0,154.0,0.377,403.0,745.0,0.541,0.545,471.0,548.0,0.859,113.0,426.0,539.0,145.0,50.0,69.0,159.0,123.0,1451.0,0.0,"MVP-2,DPOY-7,AS,NBA2,DEF2",3
2020,19.0,Russell Westbrook,32.0,WAS,PG,65.0,65.0,2369.0,544.0,1238.0,0.439,86.0,273.0,0.315,458.0,965.0,0.475,0.474,271.0,413.0,0.656,109.0,641.0,750.0,763.0,89.0,23.0,312.0,190.0,1445.0,38.0,MVP-11,3
2020,20.0,Jaylen Brown,24.0,BOS,SG,58.0,58.0,1999.0,538.0,1111.0,0.484,163.0,411.0,0.397,375.0,700.0,0.536,0.558,191.0,250.0,0.764,71.0,276.0,347.0,195.0,72.0,32.0,158.0,168.0,1430.0,0.0,AS,1
2020,25.0,Andrew Wiggins,25.0,GSW,PF,71.0,71.0,2364.0,505.0,1058.0,0.477,140.0,368.0,0.38,365.0,690.0,0.529,0.543,170.0,238.0,0.714,82.0,265.0,347.0,167.0,67.0,70.0,126.0,159.0,1320.0,0.0,,3
2020,28.0,Norman Powell,27.0,2TM,SF,69.0,58.0,2205.0,438.0,918.0,0.477,171.0,416.0,0.411,267.0,502.0,0.532,0.57,236.0,271.0,0.871,42.0,173.0,215.0,129.0,82.0,18.0,119.0,160.0,1283.0,0.0,,3
2020,28.0,Norman Powell,27.0,TOR,SG,42.0,31.0,1277.0,282.0,566.0,0.498,118.0,269.0,0.439,164.0,297.0,0.552,0.602,141.0,163.0,0.865,19.0,107.0,126.0,77.0,47.0,8.0,77.0,98.0,823.0,0.0,,3
2020,28.0,Norman Powell,27.0,POR,SF,27.0,27.0,928.0,156.0,352.0,0.443,53.0,147.0,0.361,103.0,205.0,0.502,0.518,95.0,108.0,0.88,23.0,66.0,89.0,52.0,35.0,10.0,42.0,62.0,460.0,0.0,,3
2020,30.0,Domantas Sabonis,24.0,IND,PF,62.0,62.0,2231.0,484.0,904.0,0.535,52.0,162.0,0.321,432.0,742.0,0.582,0.564,240.0,328.0,0.732,150.0,592.0,742.0,415.0,76.0,33.0,213.0,203.0,1260.0,9.0,AS,1
2020,33.0,Karl-Anthony Towns,25.0,MIN,C,50.0,50.0,1689.0,425.0,875.0,0.486,122.0,315.0,0.387,303.0,560.0,0.541,0.555,267.0,311.0,0.859,133.0,396.0,529.0,225.0,39.0,57.0,160.0,186.0,1239.0,0.0,,2
2020,39.0,Pascal Siakam,26.0,TOR,PF,56.0,56.0,2006.0,437.0,961.0,0.455,73.0,246.0,0.297,364.0,715.0,0.509,0.493,249.0,301.0,0.827,95.0,310.0,405.0,250.0,64.0,37.0,130.0,174.0,1196.0,1.0,,1
2020,41.0,Buddy Hield,28.0,SAC,SG,71.0,71.0,2433.0,403.0,992.0,0.406,282.0,721.0,0.391,121.0,271.0,0.446,0.548,88.0,104.0,0.846,29.0,305.0,334.0,257.0,63.0,30.0,130.0,175.0,1176.0,0.0,,1
2020,44.0,Dillon Brooks,25.0,MEM,SF,67.0,67.0,1997.0,432.0,1031.0,0.419,128.0,372.0,0.344,304.0,659.0,0.461,0.481,159.0,195.0,0.815,53.0,143.0,196.0,157.0,78.0,26.0,119.0,237.0,1151.0,0.0,,1
2020,49.0,C.J. McCollum,29.0,POR,SG,47.0,47.0,1600.0,405.0,884.0,0.458,169.0,420.0,0.402,236.0,464.0,0.509,0.554,108.0,133.0,0.812,30.0,155.0,185.0,223.0,44.0,21.0,65.0,87.0,1087.0,0.0,,4
2020,50.0,James Harden,31.0,2TM,PG,44.0,43.0,1609.0,342.0,734.0,0.466,121.0,334.0,0.362,221.0,400.0,0.553,0.548,278.0,323.0,0.861,35.0,313.0,348.0,475.0,53.0,33.0,177.0,99.0,1083.0,12.0,"MVP-13,AS",2
2020,50.0,James Harden,31.0,HOU,PG,8.0,8.0,290.0,60.0,135.0,0.444,25.0,72.0,0.347,35.0,63.0,0.556,0.537,53.0,60.0,0.883,5.0,36.0,41.0,83.0,7.0,6.0,34.0,14.0,198.0,0.0,,2
2020,50.0,James Harden,31.0,BRK,PG,36.0,35.0,1319.0,282.0,599.0,0.471,96.0,262.0,0.366,186.0,337.0,0.552,0.551,225.0,263.0,0.856,30.0,277.0,307.0,392.0,46.0,27.0,143.0,85.0,885.0,12.0,,2
2020,52.0,Dejounte Murray,24.0,SAS,PG,67.0,67.0,2139.0,441.0,974.0,0.453,63.0,199.0,0.317,378.0,775.0,0.488,0.485,106.0,134.0,0.791,58.0,415.0,473.0,363.0,101.0,7.0,117.0,135.0,1051.0,4.0,,1
2020,56.0,Jamal Murray,23.0,DEN,PG,48.0,48.0,1704.0,378.0,792.0,0.477,129.0,316.0,0.408,249.0,476.0,0.523,0.559,133.0,153.0,0.869,37.0,157.0,194.0,231.0,64.0,13.0,108.0,95.0,1018.0,0.0,,1
2020,57.0,Rudy Gobert,28.0,UTA,C,71.0,71.0,2187.0,391.0,579.0,0.675,0.0,4.0,0.0,391.0,575.0,0.68,0.675,233.0,374.0,0.623,240.0,720.0,960.0,89.0,40.0,190.0,118.0,163.0,1015.0,0.0,"MVP-10,DPOY-1,AS,NBA3,DEF1",4
2020,62.0,Caris LeVert,26.0,2TM,SG,47.0,39.0,1486.0,359.0,814.0,0.441,84.0,258.0,0.326,275.0,556.0,0.495,0.493,146.0,180.0,0.811,33.0,181.0,214.0,245.0,66.0,30.0,102.0,105.0,948.0,0.0,,1
2020,62.0,Caris LeVert,26.0,BRK,SG,12.0,4.0,334.0,87.0,200.0,0.435,22.0,63.0,0.349,65.0,137.0,0.474,0.49,26.0,34.0,0.765,10.0,42.0,52.0,72.0,13.0,6.0,26.0,20.0,222.0,0.0,,1
2020,62.0,Caris LeVert,26.0,IND,SG,35.0,35.0,1152.0,272.0,614.0,0.443,62.0,195.0,0.318,210.0,419.0,0.501,0.493,120.0,146.0,0.822,23.0,139.0,162.0,173.0,53.0,24.0,76.0,85.0,726.0,0.0,,1
2020,67.0,Dennis Schröder,27.0,LAL,SG,61.0,61.0,1956.0,332.0,760.0,0.437,71.0,212.0,0.335,261.0,548.0,0.476,0.484,206.0,243.0,0.848,30.0,181.0,211.0,351.0,70.0,13.0,163.0,159.0,941.0,0.0,,4
2020,75.0,Eric Bledsoe,31.0,NOP,SG,71.0,70.0,2111.0,307.0,730.0,0.421,121.0,355.0,0.341,186.0,375.0,0.496,0.503,134.0,195.0,0.687,29.0,215.0,244.0,268.0,55.0,24.0,114.0,112.0,869.0,0.0,,2
2020,87.0,Ben Simmons,24.0,PHI,PG,58.0,58.0,1877.0,325.0,583.0,0.557,3.0,10.0,0.3,322.0,573.0,0.562,0.56,176.0,287.0,0.613,93.0,324.0,417.0,401.0,93.0,35.0,173.0,171.0,829.0,4.0,"MVP-12,DPOY-2,AS,DEF1",1
2020,92.0,John Wall,30.0,HOU,PG,40.0,40.0,1288.0,293.0,726.0,0.404,79.0,249.0,0.317,214.0,477.0,0.449,0.458,158.0,211.0,0.749,17.0,112.0,129.0,275.0,42.0,31.0,141.0,46.0,823.0,1.0,,2
2020,107.0,Kyle Lowry,34.0,TOR,PG,46.0,46.0,1601.0,260.0,596.0,0.436,131.0,331.0,0.396,129.0,265.0,0.487,0.546,140.0,160.0,0.875,35.0,212.0,247.0,338.0,45.0,14.0,126.0,143.0,791.0,2.0,,1
2020,110.0,Anthony Davis,27.0,LAL,PF,36.0,36.0,1162.0,301.0,613.0,0.491,26.0,100.0,0.26,275.0,513.0,0.536,0.512,158.0,214.0,0.738,62.0,224.0,286.0,110.0,45.0,59.0,74.0,60.0,786.0,0.0,AS,5
2020,118.0,Louis Williams,34.0,2TM,PG,66.0,4.0,1423.0,265.0,646.0,0.41,69.0,173.0,0.399,196.0,473.0,0.414,0.464,150.0,173.0,0.867,21.0,117.0,138.0,225.0,47.0,6.0,108.0,62.0,749.0,0.0,,3
2020,118.0,Louis Williams,34.0,LAC,PG,42.0,3.0,918.0,181.0,430.0,0.421,45.0,119.0,0.378,136.0,311.0,0.437,0.473,103.0,119.0,0.866,15.0,73.0,88.0,144.0,39.0,4.0,66.0,42.0,510.0,0.0,,3
2020,118.0,Louis Williams,34.0,ATL,PG,24.0,1.0,505.0,84.0,216.0,0.389,24.0,54.0,0.444,60.0,162.0,0.37,0.444,47.0,54.0,0.87,6.0,44.0,50.0,81.0,8.0,2.0,42.0,20.0,239.0,0.0,,3
2020,129.0,Josh Richardson,27.0,DAL,SG,59.0,56.0,1790.0,264.0,618.0,0.427,88.0,267.0,0.33,176.0,351.0,0.501,0.498,99.0,108.0,0.917,51.0,144.0,195.0,153.0,61.0,24.0,79.0,130.0,715.0,0.0,,3
2020,146.0,Victor Oladipo,28.0,3TM,SG,33.0,33.0,1080.0,235.0,576.0,0.408,78.0,239.0,0.326,157.0,337.0,0.466,0.476,104.0,138.0,0.754,12.0,148.0,160.0,151.0,46.0,14.0,83.0,81.0,652.0,0.0,,4
2020,146.0,Victor Oladipo,28.0,IND,SG,9.0,9.0,300.0,64.0,152.0,0.421,25.0,69.0,0.362,39.0,83.0,0.47,0.503,27.0,37.0,0.73,1.0,50.0,51.0,38.0,15.0,2.0,18.0,23.0,180.0,0.0,,4
2020,146.0,Victor Oladipo,28.0,HOU,SG,20.0,20.0,669.0,155.0,381.0,0.407,49.0,153.0,0.32,106.0,228.0,0.465,0.471,65.0,83.0,0.783,8.0,87.0,95.0,99.0,24.0,10.0,51.0,45.0,424.0,0.0,,4
2020,146.0,Victor Oladipo,28.0,MIA,SG,4.0,4.0,111.0,16.0,43.0,0.372,4.0,17.0,0.235,12.0,26.0,0.462,0.419,12.0,18.0,0.667,3.0,11.0,14.0,14.0,7.0,2.0,14.0,13.0,48.0,0.0,,4
2020,157.0,Cedi Osman,25.0,CLE,SF,59.0,26.0,1510.0,219.0,586.0,0.374,99.0,324.0,0.306,120.0,262.0,0.458,0.458,76.0,95.0,0.8,38.0,163.0,201.0,174.0,53.0,9.0,80.0,119.0,613.0,0.0,,1
2020,166.0,Robert Covington,30.0,POR,PF,70.0,70.0,2243.0,204.0,509.0,0.401,135.0,356.0,0.379,69.0,153.0,0.451,0.533,50.0,62.0,0.806,61.0,405.0,466.0,117.0,101.0,84.0,64.0,195.0,593.0,0.0,,3
2020,168.0,Myles Turner,24.0,IND,C,47.0,47.0,1455.0,206.0,432.0,0.477,69.0,206.0,0.335,137.0,226.0,0.606,0.557,111.0,142.0,0.782,63.0,243.0,306.0,48.0,40.0,159.0,67.0,165.0,592.0,0.0,DPOY-9,2
2020,195.0,Royce O'Neale,27.0,UTA,SF,71.0,71.0,2241.0,175.0,394.0,0.444,107.0,278.0,0.385,68.0,116.0,0.586,0.58,39.0,46.0,0.848,88.0,397.0,485.0,181.0,57.0,32.0,83.0,182.0,496.0,0.0,,1
2020,201.0,Eric Gordon,32.0,HOU,SG,27.0,13.0,789.0,159.0,367.0,0.433,69.0,210.0,0.329,90.0,157.0,0.573,0.527,94.0,114.0,0.825,8.0,50.0,58.0,71.0,14.0,13.0,51.0,44.0,481.0,0.0,,1
2020,209.0,Cody Zeller,28.0,CHO,C,48.0,21.0,1005.0,181.0,324.0,0.559,4.0,28.0,0.143,177.0,296.0,0.598,0.565,85.0,119.0,0.714,119.0,209.0,328.0,86.0,27.0,17.0,51.0,121.0,451.0,0.0,,4
2020,213.0,Draymond Green,30.0,GSW,PF,63.0,63.0,1982.0,170.0,380.0,0.447,34.0,126.0,0.27,136.0,254.0,0.535,0.492,70.0,88.0,0.795,55.0,393.0,448.0,558.0,105.0,52.0,188.0,194.0,444.0,6.0,"DPOY-3,DEF1",1
2020,216.0,Steven Adams,27.0,NOP,C,58.0,58.0,1605.0,189.0,308.0,0.614,0.0,3.0,0.0,189.0,305.0,0.62,0.614,60.0,135.0,0.444,213.0,301.0,514.0,111.0,54.0,38.0,78.0,113.0,438.0,1.0,,4
2020,240.0,Taurean Prince,26.0,2TM,PF,41.0,10.0,905.0,131.0,327.0,0.401,62.0,155.0,0.4,69.0,172.0,0.401,0.495,65.0,76.0,0.855,19.0,123.0,142.0,76.0,28.0,23.0,47.0,75.0,389.0,0.0,,1
2020,240.0,Taurean Prince,26.0,BRK,PF,12.0,4.0,218.0,30.0,74.0,0.405,13.0,37.0,0.351,17.0,37.0,0.459,0.493,24.0,27.0,0.889,2.0,32.0,34.0,7.0,8.0,8.0,11.0,21.0,97.0,0.0,,1
2020,240.0,Taurean Prince,26.0,CLE,PF,29.0,6.0,687.0,101.0,253.0,0.399,49.0,118.0,0.415,52.0,135.0,0.385,0.496,41.0,49.0,0.837,17.0,91.0,108.0,69.0,20.0,15.0,36.0,54.0,292.0,0.0,,1
2020,241.0,Gary Harris,26.0,2TM,SG,39.0,38.0,1080.0,138.0,345.0,0.4,48.0,141.0,0.34,90.0,204.0,0.441,0.47,64.0,78.0,0.821,21.0,58.0,79.0,78.0,28.0,11.0,37.0,71.0,388.0,0.0,,3
2020,241.0,Gary Harris,26.0,DEN,SG,19.0,19.0,581.0,69.0,156.0,0.442,24.0,75.0,0.32,45.0,81.0,0.556,0.519,22.0,30.0,0.733,13.0,34.0,47.0,32.0,17.0,4.0,14.0,37.0,184.0,0.0,,3
2020,241.0,Gary Harris,26.0,ORL,SG,20.0,19.0,499.0,69.0,189.0,0.365,24.0,66.0,0.364,45.0,123.0,0.366,0.429,42.0,48.0,0.875,8.0,24.0,32.0,46.0,11.0,7.0,23.0,34.0,204.0,0.0,,3
2020,265.0,LaMarcus Aldridge,35.0,2TM,C,26.0,23.0,674.0,140.0,296.0,0.473,31.0,80.0,0.388,109.0,216.0,0.505,0.525,41.0,47.0,0.872,19.0,99.0,118.0,49.0,11.0,29.0,27.0,47.0,352.0,0.0,,2
2020,265.0,LaMarcus Aldridge,35.0,SAS,C,21.0,18.0,544.0,115.0,248.0,0.464,27.0,75.0,0.36,88.0,173.0,0.509,0.518,31.0,37.0,0.838,17.0,77.0,94.0,36.0,8.0,18.0,20.0,36.0,288.0,0.0,,2
2020,265.0,LaMarcus Aldridge,35.0,BRK,C,5.0,5.0,130.0,25.0,48.0,0.521,4.0,5.0,0.8,21.0,43.0,0.488,0.563,10.0,10.0,1.0,2.0,22.0,24.0,13.0,3.0,11.0,7.0,11.0,64.0,0.0,,2
2020,273.0,Dwight Powell,29.0,DAL,C,58.0,19.0,966.0,120.0,194.0,0.619,5.0,21.0,0.238,115.0,173.0,0.665,0.631,97.0,124.0,0.782,80.0,154.0,234.0,63.0,36.0,30.0,40.0,135.0,342.0,0.0,,1
2020,280.0,Larry Nance Jr.,28.0,CLE,PF,35.0,27.0,1091.0,128.0,272.0,0.471,41.0,114.0,0.36,87.0,158.0,0.551,0.546,30.0,49.0,0.612,54.0,181.0,235.0,107.0,61.0,17.0,55.0,72.0,327.0,0.0,,2
2020,291.0,Kevin Love,32.0,CLE,PF,25.0,25.0,622.0,103.0,252.0,0.409,57.0,156.0,0.365,46.0,96.0,0.479,0.522,42.0,51.0,0.824,17.0,169.0,186.0,63.0,16.0,2.0,38.0,26.0,305.0,0.0,,2
2020,318.0,Gorgui Dieng,31.0,2TM,C,38.0,1.0,552.0,85.0,163.0,0.521,30.0,70.0,0.429,55.0,93.0,0.591,0.613,58.0,67.0,0.866,40.0,100.0,140.0,48.0,26.0,16.0,32.0,56.0,258.0,0.0,,4
2020,318.0,Gorgui Dieng,31.0,MEM,C,22.0,1.0,371.0,56.0,108.0,0.519,23.0,48.0,0.479,33.0,60.0,0.55,0.625,38.0,43.0,0.884,28.0,70.0,98.0,29.0,17.0,14.0,22.0,38.0,173.0,0.0,,4
2020,318.0,Gorgui Dieng,31.0,SAS,C,16.0,0.0,181.0,29.0,55.0,0.527,7.0,22.0,0.318,22.0,33.0,0.667,0.591,20.0,24.0,0.833,12.0,30.0,42.0,19.0,9.0,2.0,10.0,18.0,85.0,0.0,,4
2020,357.0,Justise Winslow,24.0,MEM,SF,26.0,1.0,507.0,74.0,210.0,0.352,10.0,54.0,0.185,64.0,156.0,0.41,0.376,20.0,35.0,0.571,18.0,100.0,118.0,50.0,15.0,12.0,37.0,47.0,178.0,0.0,,2
2020,445.0,T.J. Warren,27.0,IND,SF,4.0,4.0,117.0,27.0,51.0,0.529,0.0,7.0,0.0,27.0,44.0,0.614,0.529,8.0,10.0,0.8,2.0,12.0,14.0,5.0,2.0,0.0,4.0,16.0,62.0,0.0,,3
2020,491.0,Spencer Dinwiddie,27.0,BRK,SG,3.0,3.0,64.0,6.0,16.0,0.375,2.0,7.0,0.286,4.0,9.0,0.444,0.438,6.0,6.0,1.0,0.0,13.0,13.0,9.0,2.0,1.0,5.0,4.0,20.0,0.0,,2
2021,3.0,Joel Embiid,27.0,PHI,C,68.0,68.0,2297.0,666.0,1334.0,0.499,93.0,251.0,0.371,573.0,1083.0,0.529,0.534,654.0,803.0,0.814,146.0,650.0,796.0,284.0,77.0,99.0,214.0,181.0,2079.0,2.0,"MVP-2,AS,NBA2",4
2021,8.0,Devin Booker,25.0,PHO,SG,68.0,68.0,2345.0,662.0,1421.0,0.466,183.0,478.0,0.383,479.0,943.0,0.508,0.53,315.0,363.0,0.868,45.0,297.0,342.0,329.0,77.0,26.0,162.0,180.0,1822.0,0.0,"MVP-4,AS,NBA1",3
2021,9.0,Karl-Anthony Towns,26.0,MIN,C,74.0,74.0,2476.0,642.0,1214.0,0.529,150.0,366.0,0.41,492.0,848.0,0.58,0.591,384.0,467.0,0.822,194.0,533.0,727.0,269.0,72.0,83.0,226.0,267.0,1818.0,1.0,"AS,NBA3",3
2021,17.0,Jaylen Brown,25.0,BOS,SF,66.0,66.0,2220.0,576.0,1217.0,0.473,166.0,464.0,0.358,410.0,753.0,0.544,0.541,241.0,318.0,0.758,53.0,351.0,404.0,231.0,70.0,18.0,178.0,163.0,1559.0,2.0,,2
2021,18.0,Pascal Siakam,27.0,TOR,PF,68.0,68.0,2578.0,596.0,1207.0,0.494,75.0,218.0,0.344,521.0,989.0,0.527,0.525,284.0,379.0,0.749,128.0,452.0,580.0,360.0,85.0,42.0,181.0,225.0,1551.0,2.0,NBA3,2
2021,23.0,Russell Westbrook,33.0,LAL,PG,78.0,78.0,2678.0,548.0,1233.0,0.444,79.0,265.0,0.298,469.0,968.0,0.485,0.476,266.0,399.0,0.667,110.0,470.0,580.0,550.0,75.0,20.0,295.0,235.0,1441.0,10.0,,4
2021,24.0,Dejounte Murray,25.0,SAS,PG,68.0,68.0,2366.0,573.0,1241.0,0.462,96.0,294.0,0.327,477.0,947.0,0.504,0.5,196.0,247.0,0.794,80.0,483.0,563.0,627.0,138.0,23.0,180.0,138.0,1438.0,13.0,AS,2
2021,25.0,James Harden,32.0,2TM,PG,65.0,65.0,2419.0,407.0,992.0,0.41,148.0,448.0,0.33,259.0,544.0,0.476,0.485,470.0,536.0,0.877,55.0,445.0,500.0,667.0,82.0,36.0,284.0,153.0,1432.0,11.0,AS,3
2021,25.0,James Harden,32.0,BRK,PG,44.0,44.0,1627.0,292.0,706.0,0.414,102.0,307.0,0.332,190.0,399.0,0.476,0.486,304.0,350.0,0.869,42.0,309.0,351.0,447.0,56.0,31.0,212.0,105.0,990.0,9.0,,3
2021,25.0,James Harden,32.0,PHI,PG,21.0,21.0,792.0,115.0,286.0,0.402,46.0,141.0,0.326,69.0,145.0,0.476,0.483,166.0,186.0,0.892,13.0,136.0,149.0,220.0,26.0,5.0,72.0,48.0,442.0,2.0,,3
2021,46.0,Buddy Hield,29.0,2TM,SG,81.0,32.0,2499.0,446.0,1098.0,0.406,262.0,716.0,0.366,184.0,382.0,0.482,0.526,111.0,127.0,0.874,66.0,287.0,353.0,229.0,73.0,25.0,153.0,184.0,1265.0,0.0,,2
2021,46.0,Buddy Hield,29.0,SAC,SG,55.0,6.0,1574.0,265.0,693.0,0.382,182.0,495.0,0.368,83.0,198.0,0.419,0.514,80.0,92.0,0.87,43.0,178.0,221.0,105.0,48.0,15.0,90.0,113.0,792.0,0.0,,2
2021,46.0,Buddy Hield,29.0,IND,SG,26.0,26.0,925.0,181.0,405.0,0.447,80.0,221.0,0.362,101.0,184.0,0.549,0.546,31.0,35.0,0.886,23.0,109.0,132.0,124.0,25.0,10.0,63.0,71.0,473.0,0.0,,2
2021,49.0,Andrew Wiggins,26.0,GSW,SF,73.0,73.0,2329.0,475.0,1019.0,0.466,157.0,399.0,0.393,318.0,620.0,0.513,0.543,149.0,235.0,0.634,85.0,240.0,325.0,161.0,76.0,51.0,111.0,158.0,1256.0,0.0,AS,4
2021,58.0,Domantas Sabonis,25.0,2TM,PF,62.0,61.0,2136.0,443.0,773.0,0.573,39.0,125.0,0.312,404.0,648.0,0.623,0.598,246.0,332.0,0.741,201.0,551.0,752.0,323.0,59.0,27.0,195.0,203.0,1171.0,5.0,,2
2021,58.0,Domantas Sabonis,25.0,IND,PF,47.0,46.0,1632.0,331.0,571.0,0.58,35.0,108.0,0.324,296.0,463.0,0.639,0.61,191.0,258.0,0.74,155.0,412.0,567.0,236.0,46.0,22.0,143.0,146.0,888.0,5.0,,2
2021,58.0,Domantas Sabonis,25.0,SAC,PF,15.0,15.0,504.0,112.0,202.0,0.554,4.0,17.0,0.235,108.0,185.0,0.584,0.564,55.0,74.0,0.743,46.0,139.0,185.0,87.0,13.0,5.0,52.0,57.0,283.0,0.0,,2
2021,76.0,Kevin Love,33.0,CLE,C,74.0,4.0,1665.0,327.0,761.0,0.43,187.0,477.0,0.392,140.0,284.0,0.493,0.553,166.0,198.0,0.838,87.0,449.0,536.0,160.0,26.0,18.0,98.0,101.0,1007.0,0.0,6MOY-2,3
2021,81.0,Caris LeVert,27.0,2TM,SG,58.0,49.0,1781.0,379.0,854.0,0.444,82.0,256.0,0.32,297.0,598.0,0.497,0.492,146.0,193.0,0.756,43.0,171.0,214.0,248.0,51.0,23.0,108.0,131.0,986.0,0.0,,2
2021,81.0,Caris LeVert,27.0,IND,SG,39.0,39.0,1214.0,278.0,622.0,0.447,61.0,189.0,0.323,217.0,433.0,0.501,0.496,111.0,146.0,0.76,30.0,120.0,150.0,173.0,35.0,18.0,75.0,91.0,728.0,0.0,,2
2021,81.0,Caris LeVert,27.0,CLE,SG,19.0,10.0,567.0,101.0,232.0,0.435,21.0,67.0,0.313,80.0,165.0,0.485,0.481,35.0,47.0,0.745,13.0,51.0,64.0,75.0,16.0,5.0,33.0,40.0,258.0,0.0,,2
2021,96.0,Spencer Dinwiddie,28.0,2TM,PG,67.0,51.0,1980.0,306.0,735.0,0.416,112.0,330.0,0.339,194.0,405.0,0.479,0.493,195.0,252.0,0.774,45.0,234.0,279.0,346.0,44.0,13.0,104.0,150.0,919.0,1.0,,3
2021,96.0,Spencer Dinwiddie,28.0,WAS,PG,44.0,44.0,1330.0,185.0,492.0,0.376,70.0,226.0,0.31,115.0,266.0,0.432,0.447,116.0,143.0,0.811,36.0,171.0,207.0,256.0,27.0,7.0,73.0,107.0,556.0,1.0,,3
2021,96.0,Spencer Dinwiddie,28.0,DAL,PG,23.0,7.0,650.0,121.0,243.0,0.498,42.0,104.0,0.404,79.0,139.0,0.568,0.584,79.0,109.0,0.725,9.0,63.0,72.0,90.0,17.0,6.0,31.0,43.0,363.0,0.0,,3
2021,113.0,Norman Powell,28.0,2TM,SG,45.0,41.0,1458.0,279.0,605.0,0.461,106.0,253.0,0.419,173.0,352.0,0.491,0.549,189.0,233.0,0.811,20.0,125.0,145.0,96.0,42.0,21.0,69.0,106.0,853.0,0.0,,4
2021,113.0,Norman Powell,28.0,POR,SF,40.0,39.0,1333.0,247.0,542.0,0.456,93.0,229.0,0.406,154.0,313.0,0.492,0.542,159.0,198.0,0.803,17.0,114.0,131.0,82.0,40.0,17.0,62.0,92.0,746.0,0.0,,4
2021,113.0,Norman Powell,28.0,LAC,SG,5.0,2.0,125.0,32.0,63.0,0.508,13.0,24.0,0.542,19.0,39.0,0.487,0.611,30.0,35.0,0.857,3.0,11.0,14.0,14.0,2.0,4.0,7.0,14.0,107.0,0.0,,4
2021,131.0,Eric Gordon,33.0,HOU,SG,57.0,46.0,1669.0,268.0,564.0,0.475,124.0,301.0,0.412,144.0,263.0,0.548,0.585,105.0,135.0,0.778,15.0,98.0,113.0,154.0,28.0,18.0,107.0,63.0,765.0,0.0,,2
2021,141.0,Dwight Powell,30.0,DAL,C,82.0,71.0,1798.0,269.0,401.0,0.671,13.0,37.0,0.351,256.0,364.0,0.703,0.687,166.0,212.0,0.783,173.0,231.0,404.0,97.0,37.0,39.0,64.0,220.0,717.0,0.0,,2
2021,143.0,Cedi Osman,26.0,CLE,SF,66.0,3.0,1462.0,247.0,572.0,0.432,128.0,359.0,0.357,119.0,213.0,0.559,0.544,87.0,131.0,0.664,25.0,121.0,146.0,135.0,52.0,10.0,67.0,127.0,709.0,0.0,,2
2021,155.0,Gary Harris,27.0,ORL,SG,61.0,30.0,1730.0,240.0,553.0,0.434,116.0,302.0,0.384,124.0,251.0,0.494,0.539,83.0,95.0,0.874,36.0,86.0,122.0,108.0,59.0,9.0,61.0,112.0,679.0,0.0,,4
2021,160.0,Josh Richardson,28.0,2TM,SG,65.0,7.0,1600.0,234.0,534.0,0.438,102.0,246.0,0.415,132.0,288.0,0.458,0.534,96.0,108.0,0.889,42.0,143.0,185.0,115.0,56.0,29.0,66.0,116.0,666.0,0.0,,4
2021,160.0,Josh Richardson,28.0,BOS,SG,44.0,0.0,1087.0,152.0,343.0,0.443,62.0,156.0,0.397,90.0,187.0,0.481,0.534,61.0,71.0,0.859,26.0,99.0,125.0,66.0,34.0,23.0,39.0,82.0,427.0,0.0,,4
2021,160.0,Josh Richardson,28.0,SAS,SG,21.0,7.0,513.0,82.0,191.0,0.429,40.0,90.0,0.444,42.0,101.0,0.416,0.534,35.0,37.0,0.946,16.0,44.0,60.0,49.0,22.0,6.0,27.0,34.0,239.0,0.0,,4
2021,186.0,Robert Covington,31.0,2TM,PF,71.0,42.0,1940.0,209.0,498.0,0.42,128.0,339.0,0.378,81.0,159.0,0.509,0.548,58.0,69.0,0.841,59.0,332.0,391.0,92.0,103.0,91.0,75.0,190.0,604.0,0.0,,4
2021,186.0,Robert Covington,31.0,POR,PF,48.0,40.0,1431.0,128.0,336.0,0.381,79.0,230.0,0.343,49.0,106.0,0.462,0.499,30.0,36.0,0.833,41.0,233.0,274.0,68.0,74.0,63.0,58.0,132.0,365.0,0.0,,4
2021,186.0,Robert Covington,31.0,LAC,PF,23.0,2.0,509.0,81.0,162.0,0.5,49.0,109.0,0.45,32.0,53.0,0.604,0.651,28.0,33.0,0.848,18.0,99.0,117.0,24.0,29.0,28.0,17.0,58.0,239.0,0.0,,4
2021,191.0,Dillon Brooks,26.0,MEM,SF,32.0,31.0,885.0,227.0,526.0,0.432,46.0,149.0,0.309,181.0,377.0,0.48,0.475,90.0,106.0,0.849,29.0,73.0,102.0,88.0,36.0,8.0,50.0,105.0,590.0,0.0,,2
2021,199.0,Royce O'Neale,28.0,UTA,SF,77.0,77.0,2406.0,203.0,444.0,0.457,119.0,306.0,0.389,84.0,138.0,0.609,0.591,45.0,56.0,0.804,64.0,304.0,368.0,191.0,86.0,32.0,79.0,183.0,570.0,0.0,,2
2021,208.0,Myles Turner,25.0,IND,C,42.0,42.0,1235.0,200.0,393.0,0.509,61.0,183.0,0.333,139.0,210.0,0.662,0.587,79.0,105.0,0.752,65.0,232.0,297.0,44.0,28.0,118.0,54.0,119.0,540.0,0.0,,3
2021,211.0,Eric Bledsoe,32.0,LAC,PG,54.0,29.0,1361.0,197.0,468.0,0.421,51.0,163.0,0.313,146.0,305.0,0.479,0.475,89.0,117.0,0.761,28.0,154.0,182.0,225.0,69.0,19.0,116.0,85.0,534.0,0.0,,3
2021,225.0,Taurean Prince,27.0,MIN,PF,69.0,8.0,1177.0,177.0,390.0,0.454,86.0,229.0,0.376,91.0,161.0,0.565,0.564,62.0,82.0,0.756,26.0,148.0,174.0,68.0,47.0,23.0,53.0,116.0,502.0,0.0,,2
2021,283.0,Draymond Green,31.0,GSW,PF,46.0,44.0,1329.0,135.0,257.0,0.525,16.0,54.0,0.296,119.0,203.0,0.586,0.556,60.0,91.0,0.659,45.0,291.0,336.0,320.0,61.0,50.0,139.0,136.0,346.0,1.0,"DPOY-10,AS,DEF2",2
2021,301.0,Larry Nance Jr.,29.0,2TM,PF,46.0,11.0,1040.0,129.0,247.0,0.522,23.0,70.0,0.329,106.0,177.0,0.599,0.569,40.0,57.0,0.702,72.0,176.0,248.0,81.0,43.0,20.0,37.0,84.0,321.0,0.0,,3
2021,301.0,Larry Nance Jr.,29.0,POR,C,37.0,11.0,858.0,102.0,198.0,0.515,19.0,62.0,0.306,83.0,136.0,0.61,0.563,32.0,49.0,0.653,58.0,151.0,209.0,73.0,38.0,13.0,27.0,67.0,255.0,0.0,,3
2021,301.0,Larry Nance Jr.,29.0,NOP,PF,9.0,0.0,182.0,27.0,49.0,0.551,4.0,8.0,0.5,23.0,41.0,0.561,0.592,8.0,8.0,1.0,14.0,25.0,39.0,8.0,5.0,7.0,10.0,17.0,66.0,0.0,,3
2022,2.0,Joel Embiid,28.0,PHI,C,66.0,66.0,2284.0,728.0,1328.0,0.548,66.0,200.0,0.33,662.0,1128.0,0.587,0.573,661.0,771.0,0.857,113.0,557.0,670.0,274.0,66.0,112.0,226.0,205.0,2183.0,1.0,"MVP-1,DPOY-9,CPOY-5,AS,NBA1",5
2022,14.0,Jaylen Brown,26.0,BOS,SF,67.0,67.0,2405.0,679.0,1383.0,0.491,163.0,487.0,0.335,516.0,896.0,0.576,0.55,263.0,344.0,0.765,78.0,381.0,459.0,232.0,75.0,26.0,197.0,172.0,1784.0,0.0,"AS,NBA2",3
2022,15.0,Pascal Siakam,28.0,TOR,PF,71.0,71.0,2652.0,630.0,1313.0,0.48,93.0,287.0,0.324,537.0,1026.0,0.523,0.515,367.0,474.0,0.774,131.0,425.0,556.0,415.0,65.0,36.0,169.0,228.0,1720.0,2.0,AS,3
2022,28.0,Dejounte Murray,26.0,ATL,SG,74.0,74.0,2693.0,612.0,1319.0,0.464,133.0,387.0,0.344,479.0,932.0,0.514,0.514,158.0,190.0,0.832,53.0,336.0,389.0,448.0,112.0,19.0,160.0,106.0,1515.0,1.0,,3
2022,29.0,Domantas Sabonis,26.0,SAC,C,79.0,79.0,2736.0,577.0,938.0,0.615,31.0,83.0,0.373,546.0,855.0,0.639,0.632,325.0,438.0,0.742,251.0,722.0,973.0,573.0,65.0,39.0,230.0,279.0,1510.0,14.0,"MVP-7,AS,NBA3",3
2022,34.0,Devin Booker,26.0,PHO,SG,53.0,53.0,1835.0,527.0,1067.0,0.494,111.0,316.0,0.351,416.0,751.0,0.554,0.546,306.0,358.0,0.855,46.0,194.0,240.0,293.0,51.0,18.0,145.0,159.0,1471.0,0.0,,4
2022,45.0,Buddy Hield,30.0,IND,SF,80.0,73.0,2482.0,475.0,1038.0,0.458,288.0,677.0,0.425,187.0,361.0,0.518,0.596,106.0,129.0,0.822,67.0,333.0,400.0,225.0,92.0,26.0,139.0,156.0,1344.0,0.0,,3
2022,51.0,Jamal Murray,25.0,DEN,PG,65.0,65.0,2133.0,473.0,1041.0,0.454,172.0,432.0,0.398,301.0,609.0,0.494,0.537,180.0,216.0,0.833,48.0,209.0,257.0,400.0,66.0,16.0,145.0,103.0,1298.0,1.0,,3
2022,64.0,James Harden,33.0,PHI,PG,58.0,58.0,2135.0,371.0,842.0,0.441,161.0,418.0,0.385,210.0,424.0,0.495,0.536,313.0,361.0,0.867,40.0,314.0,354.0,618.0,71.0,31.0,195.0,112.0,1216.0,5.0,,4
2022,72.0,Russell Westbrook,34.0,2TM,PG,73.0,24.0,2126.0,432.0,991.0,0.436,89.0,286.0,0.311,343.0,705.0,0.487,0.481,206.0,314.0,0.656,89.0,334.0,423.0,551.0,76.0,33.0,255.0,162.0,1159.0,4.0,6MOY-9,5
2022,72.0,Russell Westbrook,34.0,LAL,PG,52.0,3.0,1491.0,304.0,729.0,0.417,63.0,213.0,0.296,241.0,516.0,0.467,0.46,156.0,238.0,0.655,59.0,262.0,321.0,391.0,53.0,23.0,184.0,121.0,827.0,4.0,,5
2022,72.0,Russell Westbrook,34.0,LAC,PG,21.0,21.0,635.0,128.0,262.0,0.489,26.0,73.0,0.356,102.0,189.0,0.54,0.538,50.0,76.0,0.658,30.0,72.0,102.0,160.0,23.0,10.0,71.0,41.0,332.0,0.0,,5
2022,81.0,Myles Turner,26.0,IND,C,62.0,62.0,1825.0,402.0,733.0,0.548,93.0,249.0,0.373,309.0,484.0,0.638,0.612,216.0,276.0,0.783,88.0,378.0,466.0,89.0,36.0,140.0,103.0,215.0,1113.0,0.0,,4
2022,89.0,Dillon Brooks,27.0,MEM,SF,73.0,73.0,2214.0,392.0,991.0,0.396,143.0,439.0,0.326,249.0,552.0,0.451,0.468,120.0,154.0,0.779,45.0,199.0,244.0,189.0,65.0,16.0,104.0,240.0,1047.0,0.0,DEF2,3
2022,110.0,Caris LeVert,28.0,CLE,SG,74.0,30.0,2237.0,320.0,742.0,0.431,127.0,324.0,0.392,193.0,418.0,0.462,0.517,130.0,180.0,0.722,53.0,229.0,282.0,287.0,72.0,24.0,116.0,170.0,897.0,0.0,,3
2022,115.0,Eric Gordon,34.0,2TM,SG,69.0,58.0,1965.0,291.0,653.0,0.446,132.0,356.0,0.371,159.0,297.0,0.535,0.547,142.0,173.0,0.821,16.0,118.0,134.0,183.0,43.0,25.0,104.0,78.0,856.0,0.0,,3
2022,115.0,Eric Gordon,34.0,HOU,SG,47.0,47.0,1418.0,210.0,478.0,0.439,85.0,245.0,0.347,125.0,233.0,0.536,0.528,110.0,135.0,0.815,12.0,85.0,97.0,136.0,30.0,17.0,83.0,45.0,615.0,0.0,,3
2022,115.0,Eric Gordon,34.0,LAC,SG,22.0,11.0,547.0,81.0,175.0,0.463,47.0,111.0,0.423,34.0,64.0,0.531,0.597,32.0,38.0,0.842,4.0,33.0,37.0,47.0,13.0,8.0,21.0,33.0,241.0,0.0,,3
2022,168.0,Royce O'Neale,29.0,BRK,SF,76.0,53.0,2409.0,229.0,593.0,0.386,163.0,419.0,0.389,66.0,174.0,0.379,0.524,50.0,69.0,0.725,55.0,329.0,384.0,283.0,65.0,49.0,114.0,239.0,671.0,1.0,,3
2022,169.0,Cedi Osman,27.0,CLE,SF,77.0,2.0,1548.0,239.0,530.0,0.451,116.0,312.0,0.372,123.0,218.0,0.564,0.56,75.0,108.0,0.694,25.0,151.0,176.0,115.0,35.0,11.0,52.0,122.0,669.0,0.0,,3
2022,190.0,Andrew Wiggins,27.0,GSW,SF,37.0,37.0,1190.0,250.0,529.0,0.473,89.0,225.0,0.396,161.0,304.0,0.53,0.557,44.0,72.0,0.611,61.0,125.0,186.0,85.0,45.0,28.0,48.0,107.0,633.0,0.0,,5
2022,192.0,Draymond Green,32.0,GSW,PF,73.0,73.0,2297.0,250.0,474.0,0.527,40.0,131.0,0.305,210.0,343.0,0.612,0.57,77.0,108.0,0.713,66.0,459.0,525.0,500.0,74.0,60.0,204.0,229.0,617.0,0.0,"DPOY-4,DEF2",3
2022,199.0,Karl-Anthony Towns,27.0,MIN,PF,29.0,29.0,957.0,212.0,428.0,0.495,60.0,164.0,0.366,152.0,264.0,0.576,0.565,118.0,135.0,0.874,48.0,188.0,236.0,140.0,20.0,17.0,86.0,111.0,602.0,0.0,,4
2022,225.0,Kevin Love,34.0,2TM,PF,62.0,20.0,1240.0,165.0,424.0,0.389,99.0,296.0,0.334,66.0,128.0,0.516,0.506,80.0,91.0,0.879,59.0,340.0,399.0,116.0,16.0,12.0,70.0,97.0,509.0,0.0,,4
2022,225.0,Kevin Love,34.0,CLE,PF,41.0,3.0,821.0,111.0,285.0,0.389,69.0,195.0,0.354,42.0,90.0,0.467,0.511,56.0,63.0,0.889,42.0,238.0,280.0,76.0,7.0,7.0,47.0,65.0,347.0,0.0,,4
2022,225.0,Kevin Love,34.0,MIA,PF,21.0,17.0,419.0,54.0,139.0,0.388,30.0,101.0,0.297,24.0,38.0,0.632,0.496,24.0,28.0,0.857,17.0,102.0,119.0,40.0,9.0,5.0,23.0,32.0,162.0,0.0,,4
2022,227.0,Dwight Powell,31.0,DAL,C,76.0,64.0,1458.0,197.0,269.0,0.732,0.0,5.0,0.0,197.0,264.0,0.746,0.732,112.0,168.0,0.667,149.0,165.0,314.0,69.0,48.0,26.0,65.0,209.0,506.0,0.0,,3
2022,247.0,Larry Nance Jr.,30.0,NOP,C,65.0,1.0,1381.0,186.0,305.0,0.61,14.0,42.0,0.333,172.0,263.0,0.654,0.633,55.0,79.0,0.696,106.0,248.0,354.0,119.0,56.0,37.0,42.0,133.0,441.0,0.0,,4
2022,266.0,John Wall,32.0,LAC,PG,34.0,3.0,755.0,138.0,338.0,0.408,33.0,109.0,0.303,105.0,229.0,0.459,0.457,77.0,113.0,0.681,14.0,78.0,92.0,178.0,27.0,12.0,80.0,59.0,386.0,0.0,,4
2022,303.0,Ben Simmons,26.0,BRK,PG,42.0,33.0,1105.0,133.0,235.0,0.566,0.0,2.0,0.0,133.0,233.0,0.571,0.566,25.0,57.0,0.439,40.0,223.0,263.0,256.0,54.0,24.0,97.0,139.0,291.0,1.0,,3
2023,13.0,Devin Booker,27.0,PHO,PG,68.0,68.0,2447.0,642.0,1305.0,0.492,152.0,418.0,0.364,490.0,887.0,0.552,0.55,405.0,457.0,0.886,56.0,252.0,308.0,472.0,61.0,28.0,178.0,206.0,1841.0,0.0,"AS,NBA3",5
2023,18.0,Dejounte Murray,27.0,ATL,SG,78.0,78.0,2783.0,672.0,1463.0,0.459,201.0,554.0,0.363,471.0,909.0,0.518,0.528,208.0,262.0,0.794,62.0,354.0,416.0,502.0,111.0,24.0,201.0,138.0,1753.0,1.0,,4
2023,19.0,Pascal Siakam,29.0,2TM,PF,80.0,80.0,2657.0,681.0,1271.0,0.536,85.0,246.0,0.346,596.0,1025.0,0.581,0.569,290.0,396.0,0.732,139.0,426.0,565.0,342.0,63.0,25.0,141.0,193.0,1737.0,1.0,,4
2023,19.0,Pascal Siakam,29.0,TOR,PF,39.0,39.0,1354.0,325.0,623.0,0.522,46.0,145.0,0.317,279.0,478.0,0.584,0.559,169.0,223.0,0.758,54.0,192.0,246.0,190.0,32.0,10.0,83.0,87.0,865.0,0.0,,4
2023,19.0,Pascal Siakam,29.0,IND,PF,41.0,41.0,1303.0,356.0,648.0,0.549,39.0,101.0,0.386,317.0,547.0,0.58,0.579,121.0,173.0,0.699,85.0,234.0,319.0,152.0,31.0,15.0,58.0,106.0,872.0,1.0,,4
2023,22.0,Jaylen Brown,27.0,BOS,SF,70.0,70.0,2343.0,627.0,1256.0,0.499,145.0,410.0,0.354,482.0,846.0,0.57,0.557,211.0,300.0,0.703,84.0,303.0,387.0,249.0,83.0,37.0,166.0,185.0,1610.0,1.0,AS,4
2023,26.0,Domantas Sabonis,27.0,SAC,C,82.0,82.0,2928.0,634.0,1068.0,0.594,33.0,87.0,0.379,601.0,981.0,0.613,0.609,292.0,415.0,0.704,294.0,826.0,1120.0,673.0,74.0,48.0,272.0,250.0,1593.0,26.0,"MVP-8,DPOY-10,NBA3",4
2023,49.0,Karl-Anthony Towns,28.0,MIN,PF,62.0,62.0,2026.0,479.0,951.0,0.504,136.0,327.0,0.416,343.0,624.0,0.55,0.575,255.0,292.0,0.873,94.0,421.0,515.0,189.0,43.0,41.0,177.0,204.0,1349.0,0.0,AS,5
2023,62.0,Jamal Murray,26.0,DEN,PG,59.0,59.0,1861.0,474.0,986.0,0.481,145.0,341.0,0.425,329.0,645.0,0.51,0.554,157.0,184.0,0.853,42.0,200.0,242.0,384.0,57.0,39.0,125.0,104.0,1250.0,0.0,,4
2023,94.0,Buddy Hield,31.0,2TM,SF,84.0,42.0,2160.0,371.0,850.0,0.436,219.0,568.0,0.386,152.0,282.0,0.539,0.565,52.0,59.0,0.881,61.0,208.0,269.0,236.0,70.0,42.0,103.0,169.0,1013.0,0.0,,4
2023,94.0,Buddy Hield,31.0,IND,SF,52.0,28.0,1336.0,229.0,517.0,0.443,137.0,357.0,0.384,92.0,160.0,0.575,0.575,28.0,33.0,0.848,34.0,133.0,167.0,139.0,43.0,31.0,62.0,103.0,623.0,0.0,,4
2023,94.0,Buddy Hield,31.0,PHI,SG,32.0,14.0,824.0,142.0,333.0,0.426,82.0,211.0,0.389,60.0,122.0,0.492,0.55,24.0,26.0,0.923,27.0,75.0,102.0,97.0,27.0,11.0,41.0,66.0,390.0,0.0,,4
2023,155.0,Eric Gordon,35.0,PHO,SG,68.0,24.0,1893.0,274.0,618.0,0.443,150.0,397.0,0.378,124.0,221.0,0.561,0.565,51.0,64.0,0.797,16.0,106.0,122.0,139.0,66.0,30.0,73.0,79.0,749.0,0.0,,4
2023,181.0,Royce O'Neale,30.0,2TM,SF,79.0,14.0,1954.0,214.0,539.0,0.397,156.0,422.0,0.37,58.0,117.0,0.496,0.542,24.0,35.0,0.686,60.0,317.0,377.0,219.0,59.0,44.0,73.0,174.0,608.0,0.0,,4
2023,181.0,Royce O'Neale,30.0,BRK,SF,49.0,6.0,1202.0,126.0,325.0,0.388,97.0,265.0,0.366,29.0,60.0,0.483,0.537,15.0,22.0,0.682,38.0,183.0,221.0,137.0,32.0,29.0,51.0,120.0,364.0,0.0,,4
2023,181.0,Royce O'Neale,30.0,PHO,SF,30.0,8.0,752.0,88.0,214.0,0.411,59.0,157.0,0.376,29.0,57.0,0.509,0.549,9.0,13.0,0.692,22.0,134.0,156.0,82.0,27.0,15.0,22.0,54.0,244.0,0.0,,4
2023,224.0,Cedi Osman,28.0,SAS,SF,72.0,3.0,1269.0,184.0,384.0,0.479,86.0,221.0,0.389,98.0,163.0,0.601,0.591,35.0,52.0,0.673,25.0,155.0,180.0,119.0,36.0,11.0,47.0,107.0,489.0,0.0,,4
2023,230.0,Draymond Green,33.0,GSW,PF,55.0,52.0,1490.0,185.0,372.0,0.497,51.0,129.0,0.395,134.0,243.0,0.551,0.566,54.0,74.0,0.73,76.0,322.0,398.0,332.0,55.0,47.0,135.0,166.0,475.0,1.0,,4
2023,412.0,Ben Simmons,27.0,BRK,PG,15.0,12.0,359.0,43.0,74.0,0.581,0.0,0.0,,43.0,74.0,0.581,0.581,6.0,15.0,0.4,31.0,88.0,119.0,86.0,12.0,9.0,27.0,36.0,92.0,0.0,,4
2024,31.0,Jamal Murray,27.0,DEN,PG,67.0,67.0,2418.0,531.0,1121.0,0.474,156.0,397.0,0.393,375.0,724.0,0.518,0.543,218.0,246.0,0.886,45.0,216.0,261.0,403.0,91.0,33.0,138.0,128.0,1436.0,0.0,,5
2024,331.0,Ben Simmons,28.0,2TM,PG,51.0,24.0,1120.0,116.0,223.0,0.52,0.0,0.0,,116.0,223.0,0.52,0.52,24.0,33.0,0.727,47.0,194.0,241.0,285.0,38.0,23.0,102.0,107.0,256.0,0.0,,5
2024,331.0,Ben Simmons,28.0,BRK,PG,33.0,24.0,825.0,93.0,170.0,0.547,0.0,0.0,,93.0,170.0,0.547,0.547,18.0,26.0,0.692,30.0,142.0,172.0,229.0,26.0,16.0,88.0,81.0,204.0,0.0,,5
2024,331.0,Ben Simmons,28.0,LAC,PG,18.0,0.0,295.0,23.0,53.0,0.434,0.0,0.0,,23.0,53.0,0.434,0.434,6.0,7.0,0.857,17.0,52.0,69.0,56.0,12.0,7.0,14.0,26.0,52.0,0.0,,5
